,Start date,Start station number,End station number,Bike model,Total duration (m),Start time,start_coordinates,end_coordinates,public_transport,cycling
0,20250131,1142,988,CLASSIC,36,2359,"51.5034938,-0.07962099","51.51772703,-0.127854211",38.0,19.0
1,20250131,1142,988,CLASSIC,36,2359,"51.5034938,-0.07962099","51.51772703,-0.127854211",38.0,19.0
2,20250131,300061,300024,CLASSIC,20,2359,"51.495598,-0.078893","51.53658514,-0.075885686",35.0,25.0
3,20250131,300058,300076,CLASSIC,4,2359,"51.48512191,-0.174971902","51.4795738,-0.17903854",9.0,4.0
4,20250201,300038,300037,CLASSIC,12,0000,"51.48724429,-0.205279052","51.49422354,-0.236769936",20.0,11.0
5,20250131,1201,200002,PBSC_EBIKE,21,2359,"51.51444134,-0.087587447","51.515975,-0.053177",23.0,13.0
6,20250131,200012,1031,CLASSIC,11,2358,"51.521889,-0.04667","51.507131,-0.06691",25.0,11.0
7,20250131,200182,1016,PBSC_EBIKE,17,2358,"51.48373225,-0.223852256","51.513735,-0.193487",32.0,21.0
8,20250131,2587,2679,PBSC_EBIKE,8,2358,"51.51615461,-0.082422399","51.498585,-0.068981764",17.0,11.0
9,20250131,300012,300052,CLASSIC,2,2357,"51.4737636,-0.197010096","51.475089,-0.201968",8.0,4.0
10,20250131,3445,200158,CLASSIC,4,2357,"51.5263778,-0.078130921","51.534464,-0.076341",8.0,3.0
11,20250131,3455,1062,PBSC_EBIKE,12,2357,"51.511726,-0.11385596","51.51423368,-0.073537654",22.0,13.0
12,20250131,300074,3482,PBSC_EBIKE,8,2357,"51.51612862,-0.120909408","51.52200801,-0.151359288",27.0,12.0
13,20250131,200222,1079,PBSC_EBIKE,27,2356,"51.48256792,-0.172078187","51.52683806,-0.130504336",39.0,32.0
14,20250131,1107,3459,CLASSIC,3,2356,"51.49418566,-0.18267094","51.4916156,-0.186753859",7.0,1.0
15,20250131,3444,300236,PBSC_EBIKE,18,2356,"51.49159394,-0.192369256","51.5212,-0.208888173",36.0,21.0
16,20250131,1183,300073,CLASSIC,15,2356,"51.49016361,-0.19039362","51.47515398,-0.159169801",33.0,12.0
17,20250131,200250,200102,CLASSIC,5,2355,"51.520893,-0.051394","51.521564,-0.039264",7.0,3.0
18,20250131,1226,300076,PBSC_EBIKE,33,2355,"51.529423,-0.097122","51.4795738,-0.17903854",64.0,40.0
19,20250131,1116,300091,CLASSIC,8,2355,"51.49536226,-0.185296516","51.48176572,-0.185273723",24.0,7.0
20,20250131,200251,200174,CLASSIC,2,2355,"51.527058,-0.025296","51.530535,-0.025492",9.0,2.0
21,20250131,300239,300063,CLASSIC,6,2356,"51.492807,-0.091938","51.48224,-0.0942844",15.0,6.0
22,20250131,1083,200115,CLASSIC,13,2354,"51.52127071,-0.0755789","51.5128711,-0.0389866",22.0,13.0
23,20250131,1226,300076,PBSC_EBIKE,33,2354,"51.529423,-0.097122","51.4795738,-0.17903854",64.0,40.0
24,20250131,200047,200033,CLASSIC,5,2354,"51.52568,-0.055312","51.515256,-0.058641",18.0,6.0
25,20250131,3420,1103,CLASSIC,7,2355,"51.49313,-0.156876","51.49096258,-0.139625122",17.0,5.0
26,20250131,3420,1195,CLASSIC,7,2354,"51.49313,-0.156876","51.488226,-0.135635511",19.0,7.0
27,20250131,3420,1103,CLASSIC,6,2355,"51.49313,-0.156876","51.49096258,-0.139625122",17.0,5.0
28,20250131,1182,300073,PBSC_EBIKE,18,2353,"51.50935342,-0.196422","51.47515398,-0.159169801",40.0,20.0
29,20250131,200157,200230,PBSC_EBIKE,9,2352,"51.519362,-0.074431","51.525501,-0.032267204",24.0,15.0
30,20250131,1133,1154,CLASSIC,5,2352,"51.50144456,-0.110699309","51.49571828,-0.110889274",8.0,3.0
31,20250131,1150,3491,CLASSIC,2,2352,"51.51031,-0.18740235","51.5134891,-0.191351186",9.0,2.0
32,20250131,300221,300005,CLASSIC,6,2352,"51.4835074867,-0.147714557371","51.47729232,-0.16478637",20.0,6.0
33,20250131,200114,3479,CLASSIC,9,2352,"51.47453545,-0.170210533","51.49094565,-0.181190899",22.0,9.0
34,20250131,200230,200027,CLASSIC,6,2352,"51.525501,-0.032267204","51.532513,-0.033085",11.0,6.0
35,20250131,200230,200027,CLASSIC,6,2352,"51.525501,-0.032267204","51.532513,-0.033085",11.0,6.0
36,20250131,1020,1180,CLASSIC,20,2352,"51.5246962,-0.0844393000000138","51.490959,-0.1532331",42.0,28.0
37,20250131,2686,1087,CLASSIC,20,2352,"51.536264,-0.133952","51.49320445,-0.144132875",35.0,28.0
38,20250131,1197,1093,PBSC_EBIKE,13,2351,"51.51004801,-0.138846453","51.48894022,-0.111435796",23.0,17.0
39,20250131,200197,300018,CLASSIC,2,2351,"51.49021762,-0.215087092","51.48728535,-0.217995921",8.0,2.0
40,20250131,1158,3492,CLASSIC,54,2350,"51.50908747,-0.129697889","51.466907,-0.216573",47.0,39.0
41,20250131,3436,3447,CLASSIC,3,2350,"51.50136494,-0.191462381","51.49792478,-0.183834706",8.0,3.0
42,20250131,1020,200246,CLASSIC,9,2350,"51.5246962,-0.0844393000000138","51.53356,-0.09315",17.0,5.0
43,20250131,200189,1135,PBSC_EBIKE,7,2350,"51.48498496,-0.167919869","51.48483991,-0.138089062",32.0,9.0
44,20250131,3479,3444,CLASSIC,7,2350,"51.49094565,-0.181190899","51.49159394,-0.192369256",10.0,4.0
45,20250131,2587,200076,PBSC_EBIKE,8,2350,"51.51615461,-0.082422399","51.498386,-0.107913",26.0,14.0
46,20250131,2681,300026,CLASSIC,22,2351,"51.50024195,-0.15934065","51.5190427,-0.204764421",33.0,23.0
47,20250131,200197,300020,CLASSIC,3,2351,"51.49021762,-0.215087092","51.49087074,-0.206029743",11.0,3.0
48,20250131,1107,3447,CLASSIC,1,2349,"51.49418566,-0.18267094","51.49792478,-0.183834706",3.0,1.0
49,20250131,2694,200201,CLASSIC,15,2349,"51.461388,-0.13922146","51.47696496,-0.174347066",31.0,16.0
50,20250131,200230,200027,CLASSIC,4,2349,"51.525501,-0.032267204","51.532513,-0.033085",11.0,6.0
51,20250131,200051,1160,CLASSIC,16,2349,"51.526153,-0.102208","51.50810309,-0.12602103",30.0,14.0
52,20250131,300037,1058,PBSC_EBIKE,45,2349,"51.49422354,-0.236769936","51.519968,-0.169774",29.0,28.0
53,20250131,2687,200064,PBSC_EBIKE,6,2350,"51.52261762,-0.071653961","51.535678,-0.062546",26.0,7.0
54,20250131,1146,300029,PBSC_EBIKE,29,2348,"51.52644342,-0.109256828","51.549369,-0.015717614",56.0,32.0
55,20250131,300002,200197,CLASSIC,3,2348,"51.49434708,-0.215804559","51.49021762,-0.215087092",11.0,2.0
56,20250131,3481,1208,CLASSIC,3,2348,"51.49148474,-0.090220911","51.49679128,-0.093913472",12.0,3.0
57,20250131,200234,200239,CLASSIC,8,2347,"51.526041,-0.047218","51.51793,-0.067937",20.0,8.0
58,20250131,1047,2641,CLASSIC,8,2347,"51.53095071,-0.078505384","51.53114,-0.086016",7.0,2.0
59,20250131,200060,2694,PBSC_EBIKE,19,2347,"51.487196,-0.179369","51.461388,-0.13922146",28.0,18.0
60,20250131,200032,1224,CLASSIC,1,2347,"51.483145,-0.113134","51.486965,-0.116625",8.0,2.0
61,20250131,1043,1226,CLASSIC,7,2346,"51.51782144,-0.096496865","51.529423,-0.097122",13.0,7.0
62,20250131,1052,22181,CLASSIC,12,2346,"51.51563144,-0.132328837","51.53792,-0.1305299999999931",30.0,13.0
63,20250131,1039,300059,CLASSIC,14,2346,"51.504904,-0.06797","51.492221,-0.0625130999999896",37.0,12.0
64,20250131,1062,1105,CLASSIC,3,2346,"51.51423368,-0.073537654","51.51492456,-0.066078037",8.0,3.0
65,20250131,1043,1226,CLASSIC,7,2346,"51.51782144,-0.096496865","51.529423,-0.097122",13.0,7.0
66,20250131,200051,1160,CLASSIC,19,2346,"51.526153,-0.102208","51.50810309,-0.12602103",30.0,14.0
67,20250131,200183,300221,CLASSIC,4,2346,"51.4795017,-0.141770709","51.4835074867,-0.147714557371",9.0,3.0
68,20250131,200051,1160,CLASSIC,19,2346,"51.526153,-0.102208","51.50810309,-0.12602103",30.0,14.0
69,20250131,3504,2690,CLASSIC,16,2345,"51.51352755,-0.130110822","51.530344,-0.100168",33.0,15.0
70,20250131,1160,1206,CLASSIC,11,2345,"51.50810309,-0.12602103","51.49888404,-0.165471605",28.0,12.0
71,20250131,200108,1041,CLASSIC,2,2345,"51.5171,-0.18377","51.51552971,-0.190240716",4.0,1.0
72,20250131,1182,300023,CLASSIC,4,2345,"51.50935342,-0.196422","51.51632095,-0.202608612",12.0,3.0
73,20250131,1052,22181,PBSC_EBIKE,12,2345,"51.51563144,-0.132328837","51.53792,-0.1305299999999931",30.0,13.0
74,20250131,200020,1171,CLASSIC,5,2345,"51.511088,-0.057159","51.518154,-0.062697",14.0,3.0
75,20250131,1068,200158,PBSC_EBIKE,4,2345,"51.52111369,-0.078869751","51.534464,-0.076341",10.0,9.0
76,20250131,1029,200248,CLASSIC,6,2346,"51.52915444,-0.093421615","51.53213,-0.08299",9.0,4.0
77,20250131,1146,1006,CLASSIC,10,2344,"51.52644342,-0.109256828","51.51863,-0.1326763000000141",20.0,10.0
78,20250131,200012,200011,CLASSIC,11,2344,"51.521889,-0.04667","51.519265,-0.021345",12.0,8.0
79,20250131,3452,200149,PBSC_EBIKE,16,2344,"51.50963938,-0.131510949","51.511542,-0.056667",35.0,21.0
80,20250131,1027,3477,CLASSIC,11,2344,"51.52334476,-0.183846408","51.5147461,-0.1651640000000043",17.0,9.0
81,20250131,200250,200002,PBSC_EBIKE,3,2344,"51.520893,-0.051394","51.515975,-0.053177",10.0,2.0
82,20250131,200051,1160,CLASSIC,18,2344,"51.526153,-0.102208","51.50810309,-0.12602103",33.0,14.0
83,20250131,200197,300018,CLASSIC,1,2345,"51.49021762,-0.215087092","51.48728535,-0.217995921",8.0,2.0
84,20250131,1124,300005,PBSC_EBIKE,5,2343,"51.49121192,-0.173715911","51.47729232,-0.16478637",17.0,6.0
85,20250131,3479,2694,PBSC_EBIKE,24,2343,"51.49094565,-0.181190899","51.461388,-0.13922146",37.0,20.0
86,20250131,1000,1103,CLASSIC,4,2343,"51.48591714,-0.124469948","51.49096258,-0.139625122",12.0,5.0
87,20250131,1159,979,CLASSIC,5,2343,"51.52285301,-0.099994052","51.53099181,-0.093903825",17.0,4.0
88,20250131,1093,300050,CLASSIC,12,2343,"51.48894022,-0.111435796","51.491327,-0.096518684",20.0,5.0
89,20250131,3431,3507,CLASSIC,7,2343,"51.5099923,-0.143495266","51.519572,-0.13214036",25.0,7.0
90,20250131,3444,1093,CLASSIC,43,2342,"51.49159394,-0.192369256","51.48894022,-0.111435796",35.0,32.0
91,20250131,200012,200167,CLASSIC,7,2342,"51.521889,-0.04667","51.530326,-0.042744",17.0,5.0
92,20250131,200193,1131,CLASSIC,15,2342,"51.50215353,-0.083632928","51.53266186,-0.099981142",33.0,20.0
93,20250131,1079,3428,CLASSIC,5,2342,"51.52683806,-0.130504336","51.5341235,-0.129386874",14.0,4.0
94,20250131,1058,1099,CLASSIC,3,2342,"51.519968,-0.169774","51.5233534,-0.175116099",6.0,2.0
95,20250131,200110,2690,CLASSIC,59,2342,"51.51616,-0.18697","51.530344,-0.100168",38.0,30.0
96,20250131,200212,10624,CLASSIC,13,2342,"51.511934,-0.10307894","51.493146,-0.099828",21.0,10.0
97,20250131,1002,989,CLASSIC,26,2342,"51.49705603,-0.168917077","51.53089041,-0.089782579",48.0,33.0
98,20250131,1001,300020,PBSC_EBIKE,3,2343,"51.49372451,-0.198286569","51.49087074,-0.206029743",12.0,8.0
99,20250131,2660,300062,CLASSIC,26,2343,"51.51310333,-0.13121385","51.488067,-0.057774596",55.0,29.0
100,20250131,1020,1032,CLASSIC,2,2343,"51.5246962,-0.0844393000000138","51.52452699,-0.079248081",7.0,1.0
101,20250131,200042,300039,CLASSIC,11,2341,"51.528936,-0.055894","51.53603947,-0.026262677",19.0,8.0
102,20250131,200197,200215,CLASSIC,3,2341,"51.49021762,-0.215087092","51.48606206,-0.214428378",10.0,3.0
103,20250131,200197,200215,CLASSIC,3,2341,"51.49021762,-0.215087092","51.48606206,-0.214428378",10.0,3.0
104,20250131,960,1205,CLASSIC,14,2341,"51.50462759,-0.091773776","51.4908679,-0.116911864",24.0,11.0
105,20250131,300063,200183,CLASSIC,14,2341,"51.48224,-0.0942844","51.4795017,-0.141770709",32.0,20.0
106,20250131,3479,200060,PBSC_EBIKE,5,2341,"51.49094565,-0.181190899","51.487196,-0.179369",7.0,1.0
107,20250131,988,1005,CLASSIC,9,2342,"51.51772703,-0.127854211","51.53300545,-0.136792671",23.0,8.0
108,20250131,1007,3426,PBSC_EBIKE,22,2342,"51.51477076,-0.12221963","51.539834,-0.062806212",48.0,25.0
109,20250131,2696,22166,CLASSIC,25,2340,"51.50402794,-0.11386436","51.51328,-0.047784",39.0,21.0
110,20250131,200136,300082,CLASSIC,12,2340,"51.514767,-0.225787","51.49208492,-0.229116862",19.0,13.0
111,20250131,979,1213,PBSC_EBIKE,15,2340,"51.53099181,-0.093903825","51.50227992,-0.074189225",34.0,20.0
112,20250131,1109,200149,PBSC_EBIKE,24,2340,"51.50274025,-0.149569201","51.511542,-0.056667",42.0,28.0
113,20250131,200073,1047,PBSC_EBIKE,10,2339,"51.522561,-0.054883","51.53095071,-0.078505384",23.0,9.0
114,20250131,200183,300005,PBSC_EBIKE,6,2339,"51.4795017,-0.141770709","51.47729232,-0.16478637",17.0,10.0
115,20250131,200147,1225,CLASSIC,36,2339,"51.514115,-0.033828","51.517703,-0.154106",50.0,37.0
116,20250131,200156,1223,CLASSIC,6,2339,"51.527152,-0.058005","51.521776,-0.068856",15.0,5.0
117,20250131,3445,200213,CLASSIC,15,2339,"51.5263778,-0.078130921","51.52868155,-0.065550321",16.0,3.0
118,20250131,1011,200137,PBSC_EBIKE,28,2339,"51.529416,-0.1239443999999991","51.477839,-0.116493",31.0,29.0
119,20250131,300041,2667,PBSC_EBIKE,15,2338,"51.52458353,-0.058631453","51.500845,-0.074704305",35.0,13.0
120,20250131,300005,200169,CLASSIC,9,2338,"51.47729232,-0.16478637","51.46718562,-0.152248582",21.0,9.0
121,20250131,997,300040,CLASSIC,11,2338,"51.521668,-0.079608554","51.53571683,-0.060291813",25.0,9.0
122,20250131,2695,22159,CLASSIC,6,2338,"51.492462,-0.159919","51.490491,-0.149186",12.0,3.0
123,20250131,2696,972,CLASSIC,16,2338,"51.50402794,-0.11386436","51.52554222,-0.138231303",26.0,12.0
124,20250131,1162,200236,CLASSIC,9,2337,"51.5225965,-0.161113413","51.53256,-0.16862",12.0,5.0
125,20250131,1206,2695,CLASSIC,4,2337,"51.49888404,-0.165471605","51.492462,-0.159919",17.0,3.0
126,20250131,1174,1093,PBSC_EBIKE,9,2337,"51.48805753,-0.140741432","51.48894022,-0.111435796",19.0,10.0
127,20250131,2696,300209,CLASSIC,12,2337,"51.50402794,-0.11386436","51.4765900593,-0.118256789081",26.0,16.0
128,20250131,300050,1140,CLASSIC,19,2337,"51.491327,-0.096518684","51.4853572,-0.142207481",31.0,19.0
129,20250131,1226,1053,CLASSIC,5,2337,"51.529423,-0.097122","51.52326004,-0.104708922",16.0,4.0
130,20250131,2678,1166,CLASSIC,12,2337,"51.50935171,-0.14744969","51.52202903,-0.165842551",25.0,9.0
131,20250131,200025,1051,CLASSIC,11,2337,"51.54119,-0.058826101","51.53404294,-0.086379717",22.0,10.0
132,20250131,1090,1005,CLASSIC,4,2337,"51.52443845,-0.138019439","51.53300545,-0.136792671",13.0,4.0
133,20250131,200149,1029,CLASSIC,17,2337,"51.511542,-0.056667","51.52915444,-0.093421615",28.0,19.0
134,20250131,300050,3481,CLASSIC,2,2337,"51.491327,-0.096518684","51.49148474,-0.090220911",5.0,1.0
135,20250131,300062,1219,CLASSIC,16,2336,"51.488067,-0.057774596","51.5001394,-0.1139359999999953",29.0,19.0
136,20250131,3436,200209,CLASSIC,9,2336,"51.50136494,-0.191462381","51.5015946,-0.222293381",19.0,10.0
137,20250131,3423,1138,PBSC_EBIKE,19,2336,"51.529857,-0.18348604","51.49236962,-0.147478734",39.0,21.0
138,20250131,300209,300207,CLASSIC,5,2336,"51.4765900593,-0.118256789081","51.464995,-0.13090885",12.0,9.0
139,20250131,300234,300213,PBSC_EBIKE,4,2336,"51.541793,-0.00481","51.5403115,-0.021630359",15.0,6.0
140,20250131,300074,300214,PBSC_EBIKE,8,2336,"51.51612862,-0.120909408","51.505461,-0.10454093",21.0,10.0
141,20250131,1156,978,CLASSIC,2,2336,"51.52367314,-0.128377673","51.52341837,-0.124121774",6.0,3.0
142,20250131,1052,300234,PBSC_EBIKE,33,2336,"51.51563144,-0.132328837","51.541793,-0.00481",31.0,44.0
143,20250131,300012,300076,CLASSIC,11,2336,"51.4737636,-0.197010096","51.4795738,-0.17903854",14.0,6.0
144,20250131,1147,1041,CLASSIC,9,2336,"51.52557531,-0.179592915","51.51552971,-0.190240716",27.0,6.0
145,20250131,1095,1029,PBSC_EBIKE,18,2336,"51.49874469,-0.103132904","51.52915444,-0.093421615",37.0,15.0
146,20250131,300026,1178,CLASSIC,10,2335,"51.5190427,-0.204764421","51.515607,-0.183118788",16.0,9.0
147,20250131,200034,200213,PBSC_EBIKE,13,2335,"51.504749,-0.057544","51.52868155,-0.065550321",23.0,10.0
148,20250131,1191,1064,CLASSIC,6,2335,"51.52004497,-0.092176447","51.525615,-0.0885326000000077",14.0,3.0
149,20250131,300051,300086,CLASSIC,9,2335,"51.46517078,-0.18038939","51.47993289,-0.19411695",15.0,10.0
150,20250131,300089,200098,CLASSIC,14,2335,"51.48796408,-0.161765173","51.48102131,-0.209973497",33.0,16.0
151,20250131,200099,22177,CLASSIC,17,2335,"51.503083,-0.017676","51.513074,-0.064094",23.0,17.0
152,20250131,1191,1064,CLASSIC,6,2336,"51.52004497,-0.092176447","51.525615,-0.0885326000000077",11.0,3.0
153,20250131,300234,300213,CLASSIC,6,2335,"51.541793,-0.00481","51.5403115,-0.021630359",15.0,6.0
154,20250131,960,1082,CLASSIC,7,2336,"51.50462759,-0.091773776","51.49889832,-0.100440521",14.0,5.0
155,20250131,300050,200239,CLASSIC,32,2334,"51.491327,-0.096518684","51.51793,-0.067937",34.0,21.0
156,20250131,200060,300043,CLASSIC,9,2334,"51.487196,-0.179369","51.47893931,-0.208485293",16.0,9.0
157,20250131,300015,200207,CLASSIC,3,2334,"51.47250956,-0.122831913","51.47787084,-0.126874471",9.0,3.0
158,20250131,961,1102,PBSC_EBIKE,16,2335,"51.50368837,-0.098497684","51.51236389,-0.06954201",30.0,11.0
159,20250131,1159,1007,CLASSIC,13,2333,"51.52285301,-0.099994052","51.51477076,-0.12221963",16.0,8.0
160,20250131,2660,1222,PBSC_EBIKE,9,2333,"51.51310333,-0.13121385","51.528246,-0.10102611",32.0,15.0
161,20250131,300013,300052,CLASSIC,20,2333,"51.474376,-0.155442787","51.475089,-0.201968",37.0,19.0
162,20250131,1006,3439,CLASSIC,2401,2332,"51.51863,-0.1326763000000141","51.5262503,-0.123509611",20.0,5.0
163,20250131,988,200156,PBSC_EBIKE,20,2332,"51.51772703,-0.127854211","51.527152,-0.058005",29.0,27.0
164,20250131,1036,1096,CLASSIC,13,2332,"51.52026,-0.157183945","51.511933,-0.174411",17.0,7.0
165,20250131,969,3428,CLASSIC,9,2331,"51.52522753,-0.13518856","51.5341235,-0.129386874",16.0,8.0
166,20250131,1160,1105,CLASSIC,23,2331,"51.50810309,-0.12602103","51.51492456,-0.066078037",29.0,19.0
167,20250131,200250,200256,CLASSIC,5,2331,"51.520893,-0.051394","51.511066,-0.053558",21.0,4.0
168,20250131,1089,300008,CLASSIC,10,2331,"51.49396755,-0.17873226","51.48438657,-0.20481514",14.0,8.0
169,20250131,1071,1213,CLASSIC,11,2331,"51.50950627,-0.075459482","51.50227992,-0.074189225",15.0,6.0
170,20250131,300246,3439,PBSC_EBIKE,13,2331,"51.50621,-0.114842","51.5262503,-0.123509611",22.0,11.0
171,20250131,1064,973,CLASSIC,6,2331,"51.525615,-0.0885326000000077","51.52364804,-0.074754872",15.0,5.0
172,20250131,300086,300095,CLASSIC,2,2331,"51.47993289,-0.19411695","51.47727637,-0.189210466",8.0,1.0
173,20250131,1078,1118,CLASSIC,5,2331,"51.49488108,-0.117974901","51.49217002,-0.101536865",18.0,6.0
174,20250131,300234,1171,CLASSIC,29,2330,"51.541793,-0.00481","51.518154,-0.062697",23.0,20.0
175,20250131,1151,200241,PBSC_EBIKE,26,2330,"51.50654321,-0.123179697","51.53341,-0.049591815",45.0,27.0
176,20250131,300216,200033,PBSC_EBIKE,32,2330,"51.477966,-0.14785703","51.515256,-0.058641",48.0,38.0
177,20250131,200152,200034,PBSC_EBIKE,15,2330,"51.53558,-0.08249","51.504749,-0.057544",30.0,24.0
178,20250131,200121,200156,CLASSIC,11,2330,"51.53908372,-0.070329419","51.527152,-0.058005",29.0,7.0
179,20250131,3420,1174,CLASSIC,7,2329,"51.49313,-0.156876","51.48805753,-0.140741432",10.0,5.0
180,20250131,200183,300051,PBSC_EBIKE,9,2329,"51.4795017,-0.141770709","51.46517078,-0.18038939",18.0,20.0
181,20250131,300214,10628,CLASSIC,10,2329,"51.505461,-0.10454093","51.488105,-0.110121",23.0,8.0
182,20250131,300249,1103,CLASSIC,11,2329,"51.501513,-0.12382322","51.49096258,-0.139625122",18.0,8.0
183,20250131,3457,200132,CLASSIC,9,2329,"51.49582705,-0.13547809","51.49605,-0.104193",19.0,12.0
184,20250131,300214,10628,CLASSIC,10,2329,"51.505461,-0.10454093","51.488105,-0.110121",23.0,8.0
185,20250131,300249,1103,CLASSIC,11,2329,"51.501513,-0.12382322","51.49096258,-0.139625122",18.0,8.0
186,20250131,22180,3458,CLASSIC,8,2329,"51.51397065,-0.09294031","51.50663341,-0.131773845",28.0,13.0
187,20250131,200156,300213,PBSC_EBIKE,8,2329,"51.527152,-0.058005","51.5403115,-0.021630359",27.0,12.0
188,20250131,22169,1038,CLASSIC,9,2330,"51.524564,-0.116279","51.53301907,-0.139174593",25.0,10.0
189,20250131,200184,300051,PBSC_EBIKE,15,2328,"51.47946386,-0.195777222","51.46517078,-0.18038939",16.0,10.0
190,20250131,3457,200132,CLASSIC,10,2328,"51.49582705,-0.13547809","51.49605,-0.104193",19.0,12.0
191,20250131,1051,200025,PBSC_EBIKE,7,2328,"51.53404294,-0.086379717","51.54119,-0.058826101",23.0,10.0
192,20250131,1124,300221,CLASSIC,9,2328,"51.49121192,-0.173715911","51.4835074867,-0.147714557371",12.0,10.0
193,20250131,300239,200227,PBSC_EBIKE,33,2329,"51.492807,-0.091938","51.506093,-0.2242237",52.0,46.0
194,20250131,200112,300040,CLASSIC,18,2329,"51.54211855,-0.028941601","51.53571683,-0.060291813",22.0,12.0
195,20250131,200032,300209,CLASSIC,4,2327,"51.483145,-0.113134","51.4765900593,-0.118256789081",8.0,5.0
196,20250131,200032,300209,CLASSIC,3,2327,"51.483145,-0.113134","51.4765900593,-0.118256789081",8.0,5.0
197,20250131,300057,300210,CLASSIC,18,2327,"51.51787005,-0.201005397","51.483911,-0.19760944",32.0,20.0
198,20250131,200067,200017,PBSC_EBIKE,7,2327,"51.50646524,-0.208486599","51.511654,-0.179668",12.0,11.0
199,20250131,300214,1216,CLASSIC,13,2327,"51.505461,-0.10454093","51.50029631,-0.092762704",18.0,5.0
200,20250131,200198,300097,CLASSIC,21,2327,"51.520331,-0.163667","51.491026,-0.209121",32.0,25.0
201,20250131,1089,300069,CLASSIC,13,2326,"51.49396755,-0.17873226","51.48795853,-0.187404506",14.0,4.0
202,20250131,2687,300039,PBSC_EBIKE,12,2326,"51.52261762,-0.071653961","51.53603947,-0.026262677",26.0,16.0
203,20250131,300226,300227,CLASSIC,2,2326,"51.544909,-0.0205426","51.546805,-0.01469126",7.0,1.0
204,20250131,1094,1018,CLASSIC,4,2326,"51.50039792,-0.193068385","51.49960695,-0.197574246",5.0,1.0
205,20250131,200125,3492,CLASSIC,2,2326,"51.468814,-0.210279","51.466907,-0.216573",7.0,2.0
206,20250131,200237,300038,CLASSIC,7,2326,"51.472817,-0.199783","51.48724429,-0.205279052",20.0,7.0
207,20250131,200205,200125,PBSC_EBIKE,37,2326,"51.46321128,-0.215550761","51.468814,-0.210279",8.0,3.0
208,20250131,3468,300212,CLASSIC,5,2325,"51.52659961,-0.112432615","51.5301998755,-0.122299440803",9.0,4.0
209,20250131,3444,300008,CLASSIC,5,2325,"51.49159394,-0.192369256","51.48438657,-0.20481514",7.0,6.0
210,20250131,300045,300216,PBSC_EBIKE,4,2325,"51.47439218,-0.163347594","51.477966,-0.14785703",13.0,5.0
211,20250131,978,1154,CLASSIC,20,2325,"51.52341837,-0.124121774","51.49571828,-0.110889274",31.0,20.0
212,20250131,200255,22183,CLASSIC,39,2325,"51.52512,-0.015578","51.534474,-0.122203",47.0,38.0
213,20250131,200011,200012,CLASSIC,6,2325,"51.519265,-0.021345","51.521889,-0.04667",13.0,8.0
214,20250131,200230,200073,CLASSIC,7,2325,"51.525501,-0.032267204","51.522561,-0.054883",19.0,8.0
215,20250131,2695,1150,PBSC_EBIKE,15,2325,"51.492462,-0.159919","51.51031,-0.18740235",33.0,14.0
216,20250131,300038,200116,CLASSIC,38,2325,"51.48724429,-0.205279052","51.48959104,-0.209378594",7.0,1.0
217,20250131,200052,10625,PBSC_EBIKE,12,2324,"51.495947,-0.17368958","51.52289229,-0.171681991",,
218,20250131,3427,200025,PBSC_EBIKE,9,2324,"51.52953709,-0.083353323","51.54119,-0.058826101",30.0,10.0
219,20250131,300253,300061,CLASSIC,5,2324,"51.497995,-0.063471392","51.495598,-0.078893",14.0,4.0
220,20250131,200052,10625,PBSC_EBIKE,12,2324,"51.495947,-0.17368958","51.52289229,-0.171681991",,
221,20250131,1072,200248,CLASSIC,17,2324,"51.50379168,-0.11282408","51.53213,-0.08299",42.0,20.0
222,20250131,3476,1009,PBSC_EBIKE,8,2324,"51.51681444,-0.151926305","51.52505093,-0.131161087",25.0,9.0
223,20250131,3459,300038,CLASSIC,9,2323,"51.4916156,-0.186753859","51.48724429,-0.205279052",14.0,6.0
224,20250131,3420,3454,CLASSIC,4,2323,"51.49313,-0.156876","51.49358391,-0.165101392",11.0,2.0
225,20250131,1171,200254,PBSC_EBIKE,18,2323,"51.518154,-0.062697","51.518811,-0.011662",27.0,17.0
226,20250131,1173,1187,CLASSIC,13,2323,"51.51791921,-0.188098863","51.5272947,-0.174653609",20.0,9.0
227,20250131,300045,200185,CLASSIC,7,2323,"51.47439218,-0.163347594","51.46239255,-0.16829214",12.0,10.0
228,20250131,1158,200211,CLASSIC,23,2323,"51.50908747,-0.129697889","51.472993,-0.133972",25.0,25.0
229,20250131,300068,200237,CLASSIC,6,2323,"51.48321729,-0.211860644","51.472817,-0.199783",25.0,6.0
230,20250131,1158,200211,CLASSIC,22,2323,"51.50908747,-0.129697889","51.472993,-0.133972",25.0,25.0
231,20250131,200135,300081,CLASSIC,10,2323,"51.521905,-0.063386","51.53932857,-0.074284675",26.0,9.0
232,20250131,3494,200020,CLASSIC,27,2323,"51.51918144,-0.140485596","51.511088,-0.057159",33.0,27.0
233,20250131,200133,300089,CLASSIC,19,2324,"51.481747,-0.124642","51.48796408,-0.161765173",33.0,14.0
234,20250131,200136,1137,CLASSIC,43,2324,"51.514767,-0.225787","51.49859784,-0.096191134",46.0,49.0
235,20250131,1187,1180,CLASSIC,18,2322,"51.5272947,-0.174653609","51.490959,-0.1532331",38.0,21.0
236,20250131,2662,2696,CLASSIC,6,2322,"51.49782999,-0.135440826","51.50402794,-0.11386436",9.0,8.0
237,20250131,989,200213,PBSC_EBIKE,12,2322,"51.53089041,-0.089782579","51.52868155,-0.065550321",29.0,10.0
238,20250131,1062,1105,CLASSIC,2,2322,"51.51423368,-0.073537654","51.51492456,-0.066078037",8.0,3.0
239,20250131,1052,989,PBSC_EBIKE,13,2323,"51.51563144,-0.132328837","51.53089041,-0.089782579",36.0,21.0
240,20250131,1012,1131,CLASSIC,10,2321,"51.52128377,-0.084605692","51.53266186,-0.099981142",19.0,10.0
241,20250131,3451,1151,PBSC_EBIKE,7,2321,"51.5118973,-0.137043852","51.50654321,-0.123179697",16.0,5.0
242,20250131,300232,1137,CLASSIC,19,2321,"51.4813354746,-0.138212295869","51.49859784,-0.096191134",25.0,20.0
243,20250131,300232,1137,CLASSIC,19,2321,"51.4813354746,-0.138212295869","51.49859784,-0.096191134",25.0,20.0
244,20250131,3504,1150,CLASSIC,31,2320,"51.51352755,-0.130110822","51.51031,-0.18740235",25.0,21.0
245,20250131,200193,200112,CLASSIC,41,2320,"51.50215353,-0.083632928","51.54211855,-0.028941601",49.0,35.0
246,20250131,3504,1150,CLASSIC,31,2320,"51.51352755,-0.130110822","51.51031,-0.18740235",25.0,21.0
247,20250131,1124,300005,CLASSIC,6,2320,"51.49121192,-0.173715911","51.47729232,-0.16478637",18.0,6.0
248,20250131,300203,3477,CLASSIC,15,2320,"51.527068,-0.13186102","51.5147461,-0.1651640000000043",21.0,15.0
249,20250131,1210,300051,CLASSIC,18,2320,"51.49334336,-0.194757949","51.46517078,-0.18038939",21.0,22.0
250,20250131,300032,1002,CLASSIC,1,2320,"51.495898,-0.173009","51.49705603,-0.168917077",5.0,1.0
251,20250131,1011,22177,CLASSIC,25,2321,"51.529416,-0.1239443999999991","51.513074,-0.064094",35.0,22.0
252,20250131,3465,3487,PBSC_EBIKE,14,2319,"51.49395092,-0.147624377","51.50658458,-0.199004026",33.0,17.0
253,20250131,1098,200033,CLASSIC,14,2319,"51.50930161,-0.084985356","51.515256,-0.058641",27.0,9.0
254,20250131,300031,1171,CLASSIC,17,2319,"51.53638435,-0.102757578","51.518154,-0.062697",29.0,17.0
255,20250131,300031,1171,CLASSIC,17,2319,"51.53638435,-0.102757578","51.518154,-0.062697",29.0,17.0
256,20250131,1094,1134,CLASSIC,3,2319,"51.50039792,-0.193068385","51.49671237,-0.20528437",9.0,6.0
257,20250131,3458,1203,PBSC_EBIKE,14,2318,"51.50663341,-0.131773845","51.51641749,-0.179135079",30.0,18.0
258,20250131,22178,1062,CLASSIC,20,2318,"51.513757,-0.020467","51.51423368,-0.073537654",28.0,18.0
259,20250131,300093,1112,CLASSIC,12,2318,"51.50542628,-0.150817316","51.5165179,-0.164393768",13.0,7.0
260,20250131,3489,3451,CLASSIC,1,2318,"51.5136846,-0.135580879","51.5118973,-0.137043852",5.0,1.0
261,20250131,1129,300024,PBSC_EBIKE,7,2318,"51.520009,-0.083935724","51.53658514,-0.075885686",20.0,9.0
262,20250131,1161,300083,PBSC_EBIKE,5,2318,"51.518908,-0.079249","51.50630441,-0.087262995",17.0,9.0
263,20250131,1080,200151,CLASSIC,14,2319,"51.51048489,-0.082989638","51.531091,-0.075901",23.0,16.0
264,20250131,200115,300083,CLASSIC,39,2317,"51.5128711,-0.0389866","51.50630441,-0.087262995",28.0,16.0
265,20250131,200115,300083,CLASSIC,39,2317,"51.5128711,-0.0389866","51.50630441,-0.087262995",28.0,16.0
266,20250131,3441,300205,PBSC_EBIKE,20,2317,"51.50472376,-0.192538767","51.528279,-0.11955857",39.0,29.0
267,20250131,1064,200246,CLASSIC,4,2318,"51.525615,-0.0885326000000077","51.53356,-0.09315",13.0,4.0
268,20250131,1037,1178,CLASSIC,8,2316,"51.5100172,-0.157275636","51.515607,-0.183118788",17.0,8.0
269,20250131,200238,200027,PBSC_EBIKE,9,2316,"51.509303,-0.025996","51.532513,-0.033085",24.0,16.0
270,20250131,2660,3481,PBSC_EBIKE,19,2316,"51.51310333,-0.13121385","51.49148474,-0.090220911",34.0,21.0
271,20250131,2660,200056,CLASSIC,15,2316,"51.51310333,-0.13121385","51.488124,-0.120903",34.0,15.0
272,20250131,300243,200147,CLASSIC,31,2316,"51.5346677396,-0.125078652873","51.514115,-0.033828",44.0,34.0
273,20250131,200045,200047,CLASSIC,7,2316,"51.508447,-0.055167","51.52568,-0.055312",28.0,8.0
274,20250131,200230,200011,CLASSIC,5,2316,"51.525501,-0.032267204","51.519265,-0.021345",11.0,6.0
275,20250131,997,3427,CLASSIC,6,2316,"51.521668,-0.079608554","51.52953709,-0.083353323",15.0,4.0
276,20250131,200113,300055,CLASSIC,31,2316,"51.46108367,-0.191722864","51.47311696,-0.137235175",25.0,17.0
277,20250131,200196,300065,CLASSIC,6,2316,"51.47084722,-0.17070367","51.46134382,-0.159322467",13.0,6.0
278,20250131,2666,2662,PBSC_EBIKE,3,2316,"51.49675303,-0.138733562","51.49782999,-0.135440826",6.0,2.0
279,20250131,1183,1033,PBSC_EBIKE,24,2315,"51.49016361,-0.19039362","51.52058381,-0.154701411",35.0,21.0
280,20250131,1009,22169,CLASSIC,9,2315,"51.52505093,-0.131161087","51.524564,-0.116279",20.0,5.0
281,20250131,10624,1093,CLASSIC,21,2315,"51.493146,-0.099828","51.48894022,-0.111435796",9.0,6.0
282,20250131,1075,200017,CLASSIC,75,2315,"51.50311799,-0.153520935","51.511654,-0.179668",21.0,10.0
283,20250131,1183,1033,CLASSIC,24,2315,"51.49016361,-0.19039362","51.52058381,-0.154701411",35.0,21.0
284,20250131,300249,200137,PBSC_EBIKE,14,2315,"51.501513,-0.12382322","51.477839,-0.116493",28.0,15.0
285,20250131,300058,300070,CLASSIC,9,2315,"51.48512191,-0.174971902","51.474665,-0.18316517",19.0,6.0
286,20250131,2678,200060,CLASSIC,18,2315,"51.50935171,-0.14744969","51.487196,-0.179369",35.0,17.0
287,20250131,200156,200213,CLASSIC,6,2315,"51.527152,-0.058005","51.52868155,-0.065550321",10.0,2.0
288,20250131,3485,200064,CLASSIC,24,2315,"51.50088934,-0.083159352","51.535678,-0.062546",45.0,25.0
289,20250131,3485,200064,CLASSIC,24,2315,"51.50088934,-0.083159352","51.535678,-0.062546",45.0,25.0
290,20250131,1163,1058,CLASSIC,20,2316,"51.51251523,-0.133201961","51.519968,-0.169774",28.0,13.0
291,20250131,3492,300010,CLASSIC,25,2314,"51.466907,-0.216573","51.47518024,-0.167160736",32.0,20.0
292,20250131,200120,300053,PBSC_EBIKE,6,2314,"51.46489445,-0.17302926","51.46822047,-0.190346493",15.0,7.0
293,20250131,300053,3495,PBSC_EBIKE,28,2314,"51.46822047,-0.190346493","51.51734403,-0.138072691",47.0,31.0
294,20250131,300249,200137,PBSC_EBIKE,15,2314,"51.501513,-0.12382322","51.477839,-0.116493",28.0,15.0
295,20250131,3492,300010,CLASSIC,24,2314,"51.466907,-0.216573","51.47518024,-0.167160736",32.0,20.0
296,20250131,200063,300078,CLASSIC,3,2314,"51.45682071,-0.202802098","51.46079243,-0.212607684",8.0,6.0
297,20250131,1080,200123,PBSC_EBIKE,10,2314,"51.51048489,-0.082989638","51.516196,-0.029138",32.0,16.0
298,20250131,200197,200215,CLASSIC,4,2314,"51.49021762,-0.215087092","51.48606206,-0.214428378",10.0,3.0
299,20250131,963,1219,CLASSIC,5,2314,"51.50581776,-0.100186337","51.5001394,-0.1139359999999953",18.0,5.0
300,20250131,200142,200098,CLASSIC,10,2314,"51.493267,-0.21985","51.48102131,-0.209973497",17.0,11.0
301,20250131,3492,300010,CLASSIC,24,2314,"51.466907,-0.216573","51.47518024,-0.167160736",32.0,20.0
302,20250131,300031,300027,CLASSIC,30,2313,"51.53638435,-0.102757578","51.52059714,-0.032566533",38.0,27.0
303,20250131,300227,300226,CLASSIC,2,2313,"51.546805,-0.01469126","51.544909,-0.0205426",7.0,1.0
304,20250131,3461,3459,CLASSIC,5,2313,"51.4931848,-0.167894973","51.4916156,-0.186753859",16.0,5.0
305,20250131,200250,1062,CLASSIC,17,2313,"51.520893,-0.051394","51.51423368,-0.073537654",12.0,6.0
306,20250131,964,972,PBSC_EBIKE,14,2313,"51.52589324,-0.090847761","51.52554222,-0.138231303",27.0,20.0
307,20250131,1012,989,CLASSIC,6,2313,"51.52128377,-0.084605692","51.53089041,-0.089782579",14.0,6.0
308,20250131,964,3448,CLASSIC,18,2312,"51.52589324,-0.090847761","51.50069361,-0.102091246",34.0,14.0
309,20250131,1169,1218,PBSC_EBIKE,6,2312,"51.50135267,-0.153194766","51.48802358,-0.166878535",14.0,8.0
310,20250131,3451,200190,CLASSIC,18,2312,"51.5118973,-0.137043852","51.47761941,-0.149551631",39.0,18.0
311,20250131,1036,2589,PBSC_EBIKE,14,2312,"51.52026,-0.157183945","51.51108452,-0.197524944",22.0,14.0
312,20250131,1161,200020,CLASSIC,8,2312,"51.518908,-0.079249","51.511088,-0.057159",21.0,8.0
313,20250131,1036,2589,CLASSIC,14,2312,"51.52026,-0.157183945","51.51108452,-0.197524944",22.0,14.0
314,20250131,1165,3465,CLASSIC,10,2312,"51.482362,-0.13612398","51.49395092,-0.147624377",18.0,12.0
315,20250131,1052,1208,PBSC_EBIKE,16,2312,"51.51563144,-0.132328837","51.49679128,-0.093913472",36.0,19.0
316,20250131,200149,1077,CLASSIC,5,2312,"51.511542,-0.056667","51.518675,-0.06111",13.0,5.0
317,20250131,1032,1068,CLASSIC,2,2312,"51.52452699,-0.079248081","51.52111369,-0.078869751",7.0,2.0
318,20250131,964,1095,CLASSIC,19,2312,"51.52589324,-0.090847761","51.49874469,-0.103132904",32.0,15.0
319,20250131,1032,200127,PBSC_EBIKE,22,2313,"51.52452699,-0.079248081","51.509474,-0.002275",39.0,29.0
320,20250131,300214,2587,PBSC_EBIKE,8,2311,"51.505461,-0.10454093","51.51615461,-0.082422399",24.0,10.0
321,20250131,3491,1127,CLASSIC,34,2311,"51.5134891,-0.191351186","51.5333196,-0.1117811999999958",42.0,29.0
322,20250131,1065,3433,CLASSIC,3,2311,"51.5208417,-0.097340162","51.52486887,-0.099489485",7.0,3.0
323,20250131,3430,200155,CLASSIC,16,2311,"51.515231,-0.07015","51.541515,-0.038557746",35.0,19.0
324,20250131,3489,200073,PBSC_EBIKE,19,2311,"51.5136846,-0.135580879","51.522561,-0.054883",31.0,29.0
325,20250131,200042,200037,CLASSIC,6,2311,"51.528936,-0.055894","51.518369,-0.043371",10.0,6.0
326,20250131,1018,300009,CLASSIC,11,2311,"51.49960695,-0.197574246","51.48180515,-0.18027465",17.0,13.0
327,20250131,3451,200190,CLASSIC,18,2311,"51.5118973,-0.137043852","51.47761941,-0.149551631",38.0,18.0
328,20250131,964,1225,PBSC_EBIKE,33,2311,"51.52589324,-0.090847761","51.517703,-0.154106",37.0,24.0
329,20250131,300243,200026,PBSC_EBIKE,5,2311,"51.5346677396,-0.125078652873","51.539099,-0.141728",13.0,6.0
330,20250131,300025,200133,CLASSIC,10,2311,"51.49824168,-0.117495865","51.481747,-0.124642",16.0,8.0
331,20250131,200248,1040,CLASSIC,12,2310,"51.53213,-0.08299","51.51821864,-0.100791005",29.0,9.0
332,20250131,200235,300019,CLASSIC,13,2310,"51.485743,-0.223616","51.464786,-0.215618902",18.0,11.0
333,20250131,200248,1040,CLASSIC,12,2310,"51.53213,-0.08299","51.51821864,-0.100791005",29.0,9.0
334,20250131,3432,3426,CLASSIC,20,2310,"51.52352001,-0.108340165","51.539834,-0.062806212",36.0,20.0
335,20250131,200250,1062,CLASSIC,21,2310,"51.520893,-0.051394","51.51423368,-0.073537654",12.0,6.0
336,20250131,964,1225,PBSC_EBIKE,34,2310,"51.52589324,-0.090847761","51.517703,-0.154106",37.0,24.0
337,20250131,300244,300057,CLASSIC,2,2311,"51.520509,-0.20080483","51.51787005,-0.201005397",7.0,1.0
338,20250131,964,1225,PBSC_EBIKE,33,2311,"51.52589324,-0.090847761","51.517703,-0.154106",37.0,24.0
339,20250131,200152,1054,CLASSIC,5,2309,"51.53558,-0.08249","51.52867339,-0.087459376",14.0,3.0
340,20250131,10630,1107,CLASSIC,13,2309,"51.51689296,-0.158249929","51.49418566,-0.18267094",29.0,16.0
341,20250131,1133,300229,CLASSIC,18,2309,"51.50144456,-0.110699309","51.469202,-0.11902256",28.0,17.0
342,20250131,200250,1062,CLASSIC,22,2309,"51.520893,-0.051394","51.51423368,-0.073537654",12.0,6.0
343,20250131,200105,3428,CLASSIC,3,2309,"51.541603,-0.138853","51.5341235,-0.129386874",8.0,5.0
344,20250131,2589,200136,CLASSIC,11,2309,"51.51108452,-0.197524944","51.514767,-0.225787",24.0,13.0
345,20250131,10630,200105,CLASSIC,15,2309,"51.51689296,-0.158249929","51.541603,-0.138853",23.0,20.0
346,20250131,200201,300014,CLASSIC,10,2309,"51.47696496,-0.174347066","51.46663393,-0.169821175",18.0,4.0
347,20250131,300014,300010,CLASSIC,4,2309,"51.46663393,-0.169821175","51.47518024,-0.167160736",11.0,5.0
348,20250131,1182,300023,PBSC_EBIKE,3,2310,"51.50935342,-0.196422","51.51632095,-0.202608612",16.0,3.0
349,20250131,2660,1029,CLASSIC,18,2310,"51.51310333,-0.13121385","51.52915444,-0.093421615",35.0,22.0
350,20250131,200182,1096,PBSC_EBIKE,24,2308,"51.48373225,-0.223852256","51.511933,-0.174411",37.0,27.0
351,20250131,1068,1002,PBSC_EBIKE,26,2308,"51.52111369,-0.078869751","51.49705603,-0.168917077",44.0,33.0
352,20250131,300242,10629,CLASSIC,41,2308,"51.496863,-0.1429434","51.499169,-0.055846029",34.0,31.0
353,20250131,200156,22174,CLASSIC,3,2308,"51.527152,-0.058005","51.525645,-0.069543",8.0,3.0
354,20250131,983,1027,PBSC_EBIKE,37,2307,"51.5262363,-0.134407652","51.52334476,-0.183846408",27.0,23.0
355,20250131,300031,200006,PBSC_EBIKE,32,2307,"51.53638435,-0.102757578","51.533283,-0.028155",46.0,25.0
356,20250131,200197,200215,CLASSIC,4,2307,"51.49021762,-0.215087092","51.48606206,-0.214428378",10.0,3.0
357,20250131,1008,200016,PBSC_EBIKE,13,2308,"51.5216612,-0.109006325","51.542138,-0.145393",34.0,15.0
358,20250131,996,300214,CLASSIC,20,2306,"51.50069491,-0.094524319","51.505461,-0.10454093",16.0,4.0
359,20250131,972,2686,CLASSIC,10,2306,"51.52554222,-0.138231303","51.536264,-0.133952",13.0,5.0
360,20250131,1067,1037,PBSC_EBIKE,8,2306,"51.50742485,-0.134621209","51.5100172,-0.157275636",16.0,10.0
361,20250131,300062,300253,PBSC_EBIKE,7,2306,"51.488067,-0.057774596","51.497995,-0.063471392",18.0,5.0
362,20250131,1009,200058,CLASSIC,5,2305,"51.52505093,-0.131161087","51.531066,-0.11934",16.0,5.0
363,20250131,22165,200243,CLASSIC,7,2305,"51.50623,-0.02296","51.496454,-0.009506",20.0,9.0
364,20250131,2633,200181,CLASSIC,8,2305,"51.50860544,-0.193764092","51.50035306,-0.217515071",19.0,8.0
365,20250131,200166,3492,CLASSIC,12,2306,"51.494499,-0.228188","51.466907,-0.216573",29.0,18.0
366,20250131,2692,200159,CLASSIC,29,2306,"51.50391973,-0.11342629","51.531864,-0.066035",46.0,23.0
367,20250131,2692,2696,CLASSIC,0,2305,"51.50391973,-0.11342629","51.50402794,-0.11386436",0.0,0.0
368,20250131,1123,1011,CLASSIC,6,2305,"51.51760685,-0.121328408","51.529416,-0.1239443999999991",20.0,9.0
369,20250131,200210,300010,CLASSIC,2,2305,"51.47768469,-0.170329317","51.47518024,-0.167160736",7.0,3.0
370,20250131,200097,200029,CLASSIC,4,2304,"51.48814438,-0.222456468","51.4768851,-0.215895601",9.0,8.0
371,20250131,200034,200025,CLASSIC,20,2304,"51.504749,-0.057544","51.54119,-0.058826101",34.0,16.0
372,20250131,200172,200035,CLASSIC,6,2304,"51.50748124,-0.205535908","51.510101,-0.211358",9.0,2.0
373,20250131,200129,2667,PBSC_EBIKE,20,2304,"51.53639219,-0.112721065","51.500845,-0.074704305",38.0,24.0
374,20250131,200025,1105,CLASSIC,15,2304,"51.54119,-0.058826101","51.51492456,-0.066078037",27.0,12.0
375,20250131,1145,200159,CLASSIC,22,2303,"51.51615,-0.1284176999999999","51.531864,-0.066035",37.0,25.0
376,20250131,1008,3500,CLASSIC,10,2303,"51.5216612,-0.109006325","51.52702563,-0.088542771",17.0,10.0
377,20250131,200025,1105,CLASSIC,16,2303,"51.54119,-0.058826101","51.51492456,-0.066078037",27.0,12.0
378,20250131,200141,1041,CLASSIC,17,2303,"51.509158,-0.224103","51.51552971,-0.190240716",21.0,13.0
379,20250131,1171,3445,CLASSIC,10,2303,"51.518154,-0.062697","51.5263778,-0.078130921",19.0,7.0
380,20250131,300014,200201,CLASSIC,5,2303,"51.46663393,-0.169821175","51.47696496,-0.174347066",18.0,5.0
381,20250131,10627,1030,CLASSIC,8,2303,"51.51217033,-0.150481272","51.52644828,-0.172190727",19.0,10.0
382,20250131,1072,2637,CLASSIC,13,2304,"51.50379168,-0.11282408","51.49785559,-0.081608045",21.0,11.0
383,20250131,1171,3445,CLASSIC,11,2302,"51.518154,-0.062697","51.5263778,-0.078130921",19.0,7.0
384,20250131,22166,200256,PBSC_EBIKE,18,2302,"51.51328,-0.047784","51.511066,-0.053558",10.0,2.0
385,20250131,200250,1105,CLASSIC,6,2302,"51.520893,-0.051394","51.51492456,-0.066078037",13.0,6.0
386,20250131,300054,300014,CLASSIC,13,2302,"51.47569809,-0.20587627","51.46663393,-0.169821175",40.0,15.0
387,20250131,200151,200159,CLASSIC,2,2302,"51.531091,-0.075901","51.531864,-0.066035",12.0,3.0
388,20250131,1153,200045,PBSC_EBIKE,27,2302,"51.50777049,-0.130699733","51.508447,-0.055167",40.0,21.0
389,20250131,200240,200223,PBSC_EBIKE,8,2302,"51.464019,-0.11578197","51.48267821,-0.117661574",19.0,10.0
390,20250131,300083,200021,PBSC_EBIKE,12,2302,"51.50630441,-0.087262995","51.504719,-0.063531",27.0,11.0
391,20250131,300091,300089,CLASSIC,11,2302,"51.48176572,-0.185273723","51.48796408,-0.161765173",15.0,7.0
392,20250131,200061,300007,CLASSIC,4,2303,"51.506256,-0.218337","51.509224,-0.216016",10.0,2.0
393,20250131,1004,3494,CLASSIC,10,2303,"51.5288338,-0.132250369","51.51918144,-0.140485596",22.0,9.0
394,20250131,200005,300235,CLASSIC,22,2301,"51.519167,-0.147983","51.541596,-0.12544145",35.0,17.0
395,20250131,300091,300089,CLASSIC,13,2301,"51.48176572,-0.185273723","51.48796408,-0.161765173",15.0,7.0
396,20250131,22180,997,PBSC_EBIKE,7,2302,"51.51397065,-0.09294031","51.521668,-0.079608554",17.0,8.0
397,20250131,300243,300241,CLASSIC,1,2302,"51.5346677396,-0.125078652873","51.5372406,-0.1248074000000087",5.0,1.0
398,20250131,1133,1189,CLASSIC,8,2300,"51.50144456,-0.110699309","51.49907558,-0.085666316",16.0,8.0
399,20250131,2680,3452,PBSC_EBIKE,22,2300,"51.5173721,-0.1642075","51.50963938,-0.131510949",25.0,17.0
400,20250131,22165,200099,CLASSIC,9620,2300,"51.50623,-0.02296","51.503083,-0.017676",9.0,2.0
401,20250131,22171,979,CLASSIC,10,2300,"51.51824,-0.11655","51.53099181,-0.093903825",30.0,14.0
402,20250131,1019,300212,CLASSIC,2,2300,"51.52728093,-0.11829517","51.5301998755,-0.122299440803",6.0,1.0
403,20250131,22179,1058,CLASSIC,15,2259,"51.499917,-0.174554","51.519968,-0.169774",29.0,11.0
404,20250131,200006,200159,CLASSIC,16,2259,"51.533283,-0.028155","51.531864,-0.066035",33.0,11.0
405,20250131,1033,1166,CLASSIC,7,2259,"51.52058381,-0.154701411","51.52202903,-0.165842551",16.0,4.0
406,20250131,974,3457,CLASSIC,27,2259,"51.52334672,-0.120202614","51.49582705,-0.13547809",42.0,17.0
407,20250131,974,3457,CLASSIC,27,2259,"51.52334672,-0.120202614","51.49582705,-0.13547809",42.0,17.0
408,20250131,22171,979,CLASSIC,11,2259,"51.51824,-0.11655","51.53099181,-0.093903825",31.0,14.0
409,20250131,200246,1129,PBSC_EBIKE,9,2258,"51.53356,-0.09315","51.520009,-0.083935724",20.0,7.0
410,20250131,200094,1064,CLASSIC,9,2258,"51.51505991,-0.10534448","51.525615,-0.0885326000000077",26.0,8.0
411,20250131,300010,300206,CLASSIC,23,2258,"51.47518024,-0.167160736","51.460232,-0.11537509",37.0,21.0
412,20250131,981,1052,CLASSIC,4,2258,"51.51908011,-0.124678402","51.51563144,-0.132328837",11.0,3.0
413,20250131,200246,1129,CLASSIC,8,2258,"51.53356,-0.09315","51.520009,-0.083935724",20.0,7.0
414,20250131,960,3467,CLASSIC,9,2258,"51.50462759,-0.091773776","51.5097860151,-0.0681619805156",24.0,11.0
415,20250131,200016,200032,CLASSIC,35,2258,"51.542138,-0.145393","51.483145,-0.113134",41.0,36.0
416,20250131,200016,200032,CLASSIC,34,2258,"51.542138,-0.145393","51.483145,-0.113134",41.0,36.0
417,20250131,200183,200173,CLASSIC,5,2258,"51.4795017,-0.141770709","51.4729184,-0.132102704",15.0,4.0
418,20250131,300047,300051,CLASSIC,22,2258,"51.47505096,-0.150908371","51.46517078,-0.18038939",14.0,13.0
419,20250131,984,1049,CLASSIC,7,2257,"51.51707521,-0.086685542","51.52600832,-0.096317627",21.0,5.0
420,20250131,1090,1052,CLASSIC,4,2257,"51.52443845,-0.138019439","51.51563144,-0.132328837",14.0,4.0
421,20250131,1145,979,CLASSIC,10,2257,"51.51615,-0.1284176999999999","51.53099181,-0.093903825",30.0,19.0
422,20250131,200198,200110,PBSC_EBIKE,5,2257,"51.520331,-0.163667","51.51616,-0.18697",15.0,11.0
423,20250131,200012,200102,CLASSIC,4,2257,"51.521889,-0.04667","51.521564,-0.039264",6.0,2.0
424,20250131,1216,1007,CLASSIC,18,2256,"51.50029631,-0.092762704","51.51477076,-0.12221963",29.0,14.0
425,20250131,1228,200132,CLASSIC,11,2256,"51.51070161,-0.121723604","51.49605,-0.104193",23.0,12.0
426,20250131,200026,200105,CLASSIC,2,2256,"51.539099,-0.141728","51.541603,-0.138853",4.0,2.0
427,20250131,1026,999,PBSC_EBIKE,6,2256,"51.52295439,-0.094934859","51.51155322,-0.0929401",16.0,7.0
428,20250131,1179,1183,CLASSIC,9,2256,"51.49066456,-0.166485083","51.49016361,-0.19039362",19.0,8.0
429,20250131,2669,200159,PBSC_EBIKE,17,2256,"51.51953043,-0.13577731","51.531864,-0.066035",44.0,26.0
430,20250131,300052,1155,CLASSIC,22,2255,"51.475089,-0.201968","51.49206037,-0.132224622",35.0,24.0
431,20250131,972,3504,CLASSIC,6,2255,"51.52554222,-0.138231303","51.51352755,-0.130110822",12.0,7.0
432,20250131,1203,1036,CLASSIC,7,2255,"51.51641749,-0.179135079","51.52026,-0.157183945",18.0,8.0
433,20250131,1090,200129,CLASSIC,12,2255,"51.52443845,-0.138019439","51.53639219,-0.112721065",27.0,12.0
434,20250131,200132,3448,CLASSIC,3,2255,"51.49605,-0.104193","51.50069361,-0.102091246",12.0,4.0
435,20250131,300083,300024,PBSC_EBIKE,14,2254,"51.50630441,-0.087262995","51.53658514,-0.075885686",35.0,20.0
436,20250131,200197,200235,CLASSIC,4,2254,"51.49021762,-0.215087092","51.485743,-0.223616",14.0,3.0
437,20250131,3463,200166,CLASSIC,8,2254,"51.50040123,-0.195455928","51.494499,-0.228188",22.0,13.0
438,20250131,1002,972,CLASSIC,34,2254,"51.49705603,-0.168917077","51.52554222,-0.138231303",30.0,28.0
439,20250131,3479,3459,CLASSIC,21,2254,"51.49094565,-0.181190899","51.4916156,-0.186753859",6.0,1.0
440,20250131,1043,986,CLASSIC,6,2253,"51.51782144,-0.096496865","51.52671796,-0.104298194",11.0,6.0
441,20250131,1049,200071,PBSC_EBIKE,5,2253,"51.52600832,-0.096317627","51.52959,-0.0801",17.0,6.0
442,20250131,10630,200017,CLASSIC,5,2253,"51.51689296,-0.158249929","51.511654,-0.179668",20.0,8.0
443,20250131,1085,300092,CLASSIC,29,2253,"51.51457763,-0.158264483","51.53727795,-0.079201849",46.0,31.0
444,20250131,966,960,CLASSIC,6,2253,"51.49443626,-0.092921165","51.50462759,-0.091773776",17.0,7.0
445,20250131,1002,972,CLASSIC,35,2253,"51.49705603,-0.168917077","51.52554222,-0.138231303",30.0,28.0
446,20250131,200210,200059,CLASSIC,18,2253,"51.47768469,-0.170329317","51.48810829,-0.22660621",43.0,21.0
447,20250131,1085,200152,CLASSIC,28,2253,"51.51457763,-0.158264483","51.53558,-0.08249",48.0,28.0
448,20250131,1180,300091,CLASSIC,11,2254,"51.490959,-0.1532331","51.48176572,-0.185273723",18.0,10.0
449,20250131,3502,200025,CLASSIC,9,2252,"51.526293,-0.073955","51.54119,-0.058826101",24.0,7.0
450,20250131,200246,300081,CLASSIC,13,2252,"51.53356,-0.09315","51.53932857,-0.074284675",21.0,9.0
451,20250131,300052,200215,CLASSIC,7,2252,"51.475089,-0.201968","51.48606206,-0.214428378",23.0,7.0
452,20250131,2701,300048,CLASSIC,28,2253,"51.528187,-0.075375","51.51542791,-0.02356501",37.0,19.0
453,20250131,1073,200194,CLASSIC,8,2253,"51.48478899,-0.110683213","51.47073264,-0.126994068",15.0,9.0
454,20250131,3436,1107,CLASSIC,7,2251,"51.50136494,-0.191462381","51.49418566,-0.18267094",10.0,5.0
455,20250131,200163,200003,CLASSIC,22,2251,"51.5034,-0.0202423000000067","51.52388,-0.065076",27.0,20.0
456,20250131,1083,997,CLASSIC,2,2252,"51.52127071,-0.0755789","51.521668,-0.079608554",6.0,1.0
457,20250131,200241,200014,PBSC_EBIKE,4,2250,"51.53341,-0.049591815","51.535179,-0.03338",18.0,4.0
458,20250131,200197,200215,CLASSIC,3,2250,"51.49021762,-0.215087092","51.48606206,-0.214428378",10.0,3.0
459,20250131,22174,200241,CLASSIC,7,2250,"51.525645,-0.069543","51.53341,-0.049591815",20.0,7.0
460,20250131,200121,200016,PBSC_EBIKE,27,2250,"51.53908372,-0.070329419","51.542138,-0.145393",41.0,29.0
461,20250131,10630,200017,CLASSIC,9,2250,"51.51689296,-0.158249929","51.511654,-0.179668",25.0,8.0
462,20250131,10630,200017,CLASSIC,8,2251,"51.51689296,-0.158249929","51.511654,-0.179668",25.0,8.0
463,20250131,3465,1165,CLASSIC,13,2249,"51.49395092,-0.147624377","51.482362,-0.13612398",24.0,12.0
464,20250131,1170,1160,CLASSIC,8,2249,"51.49481649,-0.13045856","51.50810309,-0.12602103",18.0,8.0
465,20250131,1045,2696,CLASSIC,19,2249,"51.51340693,-0.076793375","51.50402794,-0.11386436",32.0,14.0
466,20250131,1118,1078,CLASSIC,5,2249,"51.49217002,-0.101536865","51.49488108,-0.117974901",14.0,6.0
467,20250131,1158,2637,CLASSIC,24,2249,"51.50908747,-0.129697889","51.49785559,-0.081608045",31.0,19.0
468,20250131,200068,1142,CLASSIC,13,2249,"51.509943,-0.117619","51.5034938,-0.07962099",30.0,15.0
469,20250131,3494,1175,PBSC_EBIKE,11,2249,"51.51918144,-0.140485596","51.52505151,-0.166304359",25.0,9.0
470,20250131,1207,974,CLASSIC,8,2250,"51.51196803,-0.120718759","51.52334672,-0.120202614",20.0,7.0
471,20250131,1207,974,CLASSIC,8,2250,"51.51196803,-0.120718759","51.52334672,-0.120202614",20.0,7.0
472,20250131,200029,200097,CLASSIC,4,2248,"51.4768851,-0.215895601","51.48814438,-0.222456468",14.0,8.0
473,20250131,2696,300005,PBSC_EBIKE,25,2248,"51.50402794,-0.11386436","51.47729232,-0.16478637",41.0,25.0
474,20250131,200206,1123,CLASSIC,6,2248,"51.502698,-0.1167474","51.51760685,-0.121328408",16.0,11.0
475,20250131,200162,22178,CLASSIC,15,2248,"51.5142228,-0.055656","51.513757,-0.020467",18.0,13.0
476,20250131,1007,1222,CLASSIC,15,2248,"51.51477076,-0.12221963","51.528246,-0.10102611",30.0,10.0
477,20250131,200071,200155,CLASSIC,16,2248,"51.52959,-0.0801","51.541515,-0.038557746",36.0,17.0
478,20250131,2682,3435,CLASSIC,10,2248,"51.51431171,-0.200838199","51.49646288,-0.183289032",25.0,11.0
479,20250131,300239,996,CLASSIC,14,2248,"51.492807,-0.091938","51.50069491,-0.094524319",16.0,5.0
480,20250131,1143,3477,PBSC_EBIKE,8,2249,"51.50315739,-0.191496313","51.5147461,-0.1651640000000043",20.0,12.0
481,20250131,1052,200159,PBSC_EBIKE,18,2247,"51.51563144,-0.132328837","51.531864,-0.066035",39.0,26.0
482,20250131,3436,200116,CLASSIC,7,2247,"51.50136494,-0.191462381","51.48959104,-0.209378594",15.0,9.0
483,20250131,1154,1075,CLASSIC,18,2247,"51.49571828,-0.110889274","51.50311799,-0.153520935",24.0,14.0
484,20250131,2696,3495,CLASSIC,12,2247,"51.50402794,-0.11386436","51.51734403,-0.138072691",25.0,10.0
485,20250131,985,300237,CLASSIC,21,2247,"51.51882555,-0.108028472","51.5067252868,-0.0988072461627",20.0,8.0
486,20250131,1017,966,CLASSIC,3,2247,"51.49738251,-0.089446947","51.49443626,-0.092921165",6.0,2.0
487,20250131,200224,200215,CLASSIC,6,2247,"51.491093,-0.216493","51.48606206,-0.214428378",18.0,6.0
488,20250131,972,200246,CLASSIC,16,2247,"51.52554222,-0.138231303","51.53356,-0.09315",29.0,17.0
489,20250131,3487,300071,CLASSIC,11,2247,"51.50658458,-0.199004026","51.524309,-0.2012345999999922",15.0,9.0
490,20250131,1163,983,CLASSIC,13,2247,"51.51251523,-0.133201961","51.5262363,-0.134407652",19.0,8.0
491,20250131,1017,966,CLASSIC,3,2247,"51.49738251,-0.089446947","51.49443626,-0.092921165",6.0,2.0
492,20250131,3477,3423,PBSC_EBIKE,6,2247,"51.5147461,-0.1651640000000043","51.529857,-0.18348604",15.0,8.0
493,20250131,994,200147,PBSC_EBIKE,30,2247,"51.50064702,-0.078600401","51.514115,-0.033828",30.0,15.0
494,20250131,990,22170,CLASSIC,9,2247,"51.4907579,-0.106323685","51.488852,-0.105593",4.0,1.0
495,20250131,978,22169,CLASSIC,3,2246,"51.52341837,-0.124121774","51.524564,-0.116279",10.0,2.0
496,20250131,1081,300035,CLASSIC,3,2246,"51.53450449,-0.106992706","51.53546778,-0.11619105",9.0,3.0
497,20250131,200110,1182,CLASSIC,4,2246,"51.51616,-0.18697","51.50935342,-0.196422",9.0,5.0
498,20250131,1041,300101,CLASSIC,17,2246,"51.51552971,-0.190240716","51.496664,-0.223868",28.0,17.0
499,20250131,1158,200020,CLASSIC,23,2246,"51.50908747,-0.129697889","51.511088,-0.057159",32.0,20.0
500,20250131,960,300027,CLASSIC,20,2246,"51.50462759,-0.091773776","51.52059714,-0.032566533",35.0,25.0
501,20250131,1152,2698,CLASSIC,11,2246,"51.51475963,-0.148105415","51.524826,-0.176268",22.0,11.0
502,20250131,1163,983,CLASSIC,14,2246,"51.51251523,-0.133201961","51.5262363,-0.134407652",20.0,8.0
503,20250131,1152,979,CLASSIC,18,2246,"51.51475963,-0.148105415","51.53099181,-0.093903825",38.0,24.0
504,20250131,1163,983,CLASSIC,14,2246,"51.51251523,-0.133201961","51.5262363,-0.134407652",20.0,8.0
505,20250131,200197,200215,CLASSIC,4,2246,"51.49021762,-0.215087092","51.48606206,-0.214428378",10.0,3.0
506,20250131,1163,983,CLASSIC,14,2246,"51.51251523,-0.133201961","51.5262363,-0.134407652",20.0,8.0
507,20250131,1041,1134,CLASSIC,9,2247,"51.51552971,-0.190240716","51.49671237,-0.20528437",21.0,13.0
508,20250131,973,200020,CLASSIC,9,2245,"51.52364804,-0.074754872","51.511088,-0.057159",14.0,9.0
509,20250131,967,979,CLASSIC,8,2245,"51.52174785,-0.094475072","51.53099181,-0.093903825",19.0,5.0
510,20250131,1064,300024,PBSC_EBIKE,6,2245,"51.525615,-0.0885326000000077","51.53658514,-0.075885686",15.0,8.0
511,20250131,1171,200020,CLASSIC,3,2245,"51.518154,-0.062697","51.511088,-0.057159",14.0,4.0
512,20250131,967,979,CLASSIC,8,2245,"51.52174785,-0.094475072","51.53099181,-0.093903825",19.0,5.0
513,20250131,2696,3434,PBSC_EBIKE,24,2246,"51.50402794,-0.11386436","51.48947903,-0.115156562",18.0,9.0
514,20250131,300026,1027,PBSC_EBIKE,7,2246,"51.5190427,-0.204764421","51.52334476,-0.183846408",30.0,11.0
515,20250131,1133,200137,CLASSIC,10,2246,"51.50144456,-0.110699309","51.477839,-0.116493",22.0,13.0
516,20250131,960,200048,CLASSIC,33,2244,"51.50462759,-0.091773776","51.493978,-0.127554",26.0,13.0
517,20250131,1160,300005,PBSC_EBIKE,16,2244,"51.50810309,-0.12602103","51.47729232,-0.16478637",38.0,23.0
518,20250131,1071,1142,CLASSIC,6,2244,"51.50950627,-0.075459482","51.5034938,-0.07962099",13.0,6.0
519,20250131,200073,200167,CLASSIC,5,2244,"51.522561,-0.054883","51.530326,-0.042744",16.0,5.0
520,20250131,1161,22174,CLASSIC,5,2245,"51.518908,-0.079249","51.525645,-0.069543",15.0,5.0
521,20250131,984,22170,CLASSIC,17,2245,"51.51707521,-0.086685542","51.488852,-0.105593",25.0,17.0
522,20250131,200183,200176,CLASSIC,7,2243,"51.4795017,-0.141770709","51.47053858,-0.163041605",13.0,12.0
523,20250131,3468,3476,CLASSIC,15,2243,"51.52659961,-0.112432615","51.51681444,-0.151926305",34.0,13.0
524,20250131,3483,1064,CLASSIC,11,2243,"51.51838043,-0.073438925","51.525615,-0.0885326000000077",20.0,7.0
525,20250131,3483,1064,CLASSIC,10,2243,"51.51838043,-0.073438925","51.525615,-0.0885326000000077",20.0,7.0
526,20250131,3427,200248,CLASSIC,9,2243,"51.52953709,-0.083353323","51.53213,-0.08299",4.0,1.0
527,20250131,3483,1064,CLASSIC,11,2243,"51.51838043,-0.073438925","51.525615,-0.0885326000000077",20.0,7.0
528,20250131,3431,3477,CLASSIC,9,2243,"51.5099923,-0.143495266","51.5147461,-0.1651640000000043",23.0,10.0
529,20250131,300008,300001,CLASSIC,8,2243,"51.48438657,-0.20481514","51.473611,-0.191803",13.0,7.0
530,20250131,1161,1189,PBSC_EBIKE,12,2243,"51.518908,-0.079249","51.49907558,-0.085666316",25.0,16.0
531,20250131,1000,965,CLASSIC,7,2242,"51.48591714,-0.124469948","51.49211134,-0.138364847",,
532,20250131,300037,200029,PBSC_EBIKE,9,2242,"51.49422354,-0.236769936","51.4768851,-0.215895601",18.0,13.0
533,20250131,200186,200120,CLASSIC,2,2242,"51.46193072,-0.180791784","51.46489445,-0.17302926",11.0,2.0
534,20250131,1229,200178,CLASSIC,17,2242,"51.516226,-0.124826","51.49886563,-0.137424571",30.0,12.0
535,20250131,3489,1178,PBSC_EBIKE,12,2242,"51.5136846,-0.135580879","51.515607,-0.183118788",32.0,17.0
536,20250131,1163,200159,PBSC_EBIKE,20,2242,"51.51251523,-0.133201961","51.531864,-0.066035",41.0,25.0
537,20250131,1062,2667,CLASSIC,11,2242,"51.51423368,-0.073537654","51.500845,-0.074704305",18.0,6.0
538,20250131,3436,200214,CLASSIC,7,2242,"51.50136494,-0.191462381","51.50403821,-0.217400093",14.0,9.0
539,20250131,3483,1064,CLASSIC,11,2242,"51.51838043,-0.073438925","51.525615,-0.0885326000000077",20.0,7.0
540,20250131,300052,300043,CLASSIC,2,2243,"51.475089,-0.201968","51.47893931,-0.208485293",11.0,3.0
541,20250131,200086,300236,CLASSIC,8,2241,"51.51244,-0.19096","51.5212,-0.208888173",18.0,9.0
542,20250131,1064,200165,CLASSIC,6,2241,"51.525615,-0.0885326000000077","51.528222,-0.069743",15.0,6.0
543,20250131,1107,300008,CLASSIC,8,2241,"51.49418566,-0.18267094","51.48438657,-0.20481514",15.0,8.0
544,20250131,300083,22174,CLASSIC,15,2241,"51.50630441,-0.087262995","51.525645,-0.069543",23.0,13.0
545,20250131,200035,200172,CLASSIC,2,2241,"51.510101,-0.211358","51.50748124,-0.205535908",9.0,2.0
546,20250131,300086,300001,PBSC_EBIKE,2,2241,"51.47993289,-0.19411695","51.473611,-0.191803",7.0,3.0
547,20250131,1100,200072,PBSC_EBIKE,10,2241,"51.512582,-0.1150572999999894","51.514449,-0.077178979",27.0,13.0
548,20250131,200250,300049,CLASSIC,3,2241,"51.520893,-0.051394","51.51563007,-0.049067243",12.0,2.0
549,20250131,200105,200026,CLASSIC,1,2241,"51.541603,-0.138853","51.539099,-0.141728",6.0,2.0
550,20250131,200172,1214,CLASSIC,7,2241,"51.50748124,-0.205535908","51.49815779,-0.209494128",17.0,6.0
551,20250131,200042,200174,CLASSIC,15,2242,"51.528936,-0.055894","51.530535,-0.025492",23.0,9.0
552,20250131,3450,2686,CLASSIC,12,2240,"51.52025302,-0.141327271","51.536264,-0.133952",27.0,11.0
553,20250131,200198,3461,CLASSIC,22,2240,"51.520331,-0.163667","51.4931848,-0.167894973",30.0,16.0
554,20250131,300236,200136,PBSC_EBIKE,6,2240,"51.5212,-0.208888173","51.514767,-0.225787",19.0,7.0
555,20250131,200105,1145,CLASSIC,14,2240,"51.541603,-0.138853","51.51615,-0.1284176999999999",21.0,15.0
556,20250131,3504,300015,PBSC_EBIKE,16,2240,"51.51352755,-0.130110822","51.47250956,-0.122831913",29.0,25.0
557,20250131,300234,200230,CLASSIC,14,2240,"51.541793,-0.00481","51.525501,-0.032267204",15.0,14.0
558,20250131,1071,2667,CLASSIC,9,2241,"51.50950627,-0.075459482","51.500845,-0.074704305",18.0,6.0
559,20250131,1229,3448,PBSC_EBIKE,11,2241,"51.516226,-0.124826","51.50069361,-0.102091246",34.0,13.0
560,20250131,1163,300235,PBSC_EBIKE,16,2239,"51.51251523,-0.133201961","51.541596,-0.12544145",32.0,16.0
561,20250131,200064,300011,CLASSIC,3,2239,"51.535678,-0.062546","51.53642464,-0.054162264",11.0,3.0
562,20250131,978,1090,CLASSIC,12,2239,"51.52341837,-0.124121774","51.52443845,-0.138019439",16.0,5.0
563,20250131,2690,300031,CLASSIC,4,2239,"51.530344,-0.100168","51.53638435,-0.102757578",12.0,3.0
564,20250131,200029,200097,CLASSIC,4,2240,"51.4768851,-0.215895601","51.48814438,-0.222456468",9.0,8.0
565,20250131,1209,300061,CLASSIC,3,2238,"51.50082346,-0.089740764","51.495598,-0.078893",10.0,5.0
566,20250131,300212,300241,CLASSIC,3,2238,"51.5301998755,-0.122299440803","51.5372406,-0.1248074000000087",13.0,4.0
567,20250131,22176,1045,CLASSIC,9,2238,"51.506946,-0.058681","51.51340693,-0.076793375",22.0,7.0
568,20250131,22171,200250,CLASSIC,21,2238,"51.51824,-0.11655","51.520893,-0.051394",29.0,18.0
569,20250131,3506,3467,CLASSIC,23,2239,"51.50686435,-0.150666888","51.5097860151,-0.0681619805156",50.0,28.0
570,20250131,200169,1170,CLASSIC,14,2239,"51.46718562,-0.152248582","51.49481649,-0.13045856",27.0,21.0
571,20250131,22172,1171,CLASSIC,18,2237,"51.528828,-0.013258","51.518154,-0.062697",21.0,14.0
572,20250131,1201,200132,PBSC_EBIKE,9,2237,"51.51444134,-0.087587447","51.49605,-0.104193",24.0,12.0
573,20250131,960,1189,CLASSIC,5,2237,"51.50462759,-0.091773776","51.49907558,-0.085666316",16.0,4.0
574,20250131,1104,200070,CLASSIC,19,2237,"51.53166681,-0.109914711","51.539957,-0.145246",25.0,16.0
575,20250131,200026,1161,CLASSIC,22,2237,"51.539099,-0.141728","51.518908,-0.079249",35.0,24.0
576,20250131,973,1102,CLASSIC,10,2237,"51.52364804,-0.074754872","51.51236389,-0.06954201",18.0,7.0
577,20250131,200029,200097,CLASSIC,6,2237,"51.4768851,-0.215895601","51.48814438,-0.222456468",9.0,8.0
578,20250131,300234,200123,CLASSIC,17,2237,"51.541793,-0.00481","51.516196,-0.029138",23.0,16.0
579,20250131,200097,200116,CLASSIC,3,2238,"51.48814438,-0.222456468","51.48959104,-0.209378594",23.0,4.0
580,20250131,200251,300039,CLASSIC,5,2236,"51.527058,-0.025296","51.53603947,-0.026262677",17.0,6.0
581,20250131,972,1005,CLASSIC,2,2236,"51.52554222,-0.138231303","51.53300545,-0.136792671",11.0,4.0
582,20250131,2637,3467,CLASSIC,11,2236,"51.49785559,-0.081608045","51.5097860151,-0.0681619805156",20.0,7.0
583,20250131,1092,960,CLASSIC,19,2236,"51.51906932,-0.088285377","51.50462759,-0.091773776",18.0,9.0
584,20250131,300033,300042,PBSC_EBIKE,1,2235,"51.46071722,-0.216526155","51.45971528,-0.212145939",4.0,3.0
585,20250131,1095,300239,CLASSIC,11,2235,"51.49874469,-0.103132904","51.492807,-0.091938",16.0,4.0
586,20250131,3452,2694,CLASSIC,32,2235,"51.50963938,-0.131510949","51.461388,-0.13922146",33.0,30.0
587,20250131,300081,200014,CLASSIC,13,2236,"51.53932857,-0.074284675","51.535179,-0.03338",36.0,14.0
588,20250131,1103,300054,PBSC_EBIKE,17,2234,"51.49096258,-0.139625122","51.47569809,-0.20587627",38.0,21.0
589,20250131,200120,200126,CLASSIC,5,2234,"51.46489445,-0.17302926","51.46348914,-0.182126248",13.0,4.0
590,20250131,300246,1213,CLASSIC,11,2234,"51.50621,-0.114842","51.50227992,-0.074189225",26.0,20.0
591,20250131,200197,200215,CLASSIC,3,2234,"51.49021762,-0.215087092","51.48606206,-0.214428378",10.0,3.0
592,20250131,985,1082,CLASSIC,16,2234,"51.51882555,-0.108028472","51.49889832,-0.100440521",23.0,10.0
593,20250131,200197,200215,CLASSIC,2,2234,"51.49021762,-0.215087092","51.48606206,-0.214428378",10.0,3.0
594,20250131,1151,22177,PBSC_EBIKE,16,2234,"51.50654321,-0.123179697","51.513074,-0.064094",29.0,17.0
595,20250131,966,300252,CLASSIC,13,2234,"51.49443626,-0.092921165","51.498439,-0.049150215",25.0,17.0
596,20250131,300214,2696,CLASSIC,6,2234,"51.505461,-0.10454093","51.50402794,-0.11386436",12.0,4.0
597,20250131,966,1200,CLASSIC,5,2235,"51.49443626,-0.092921165","51.49652013,-0.101384068",11.0,3.0
598,20250131,1016,200017,PBSC_EBIKE,7,2233,"51.513735,-0.193487","51.511654,-0.179668",14.0,5.0
599,20250131,200084,960,CLASSIC,31,2233,"51.48692917,-0.102996299","51.50462759,-0.091773776",24.0,13.0
600,20250131,1068,200174,PBSC_EBIKE,12,2233,"51.52111369,-0.078869751","51.530535,-0.025492",31.0,18.0
601,20250131,22172,1171,CLASSIC,22,2233,"51.528828,-0.013258","51.518154,-0.062697",22.0,14.0
602,20250131,200002,200250,PBSC_EBIKE,4,2233,"51.515975,-0.053177","51.520893,-0.051394",10.0,2.0
603,20250131,300246,200049,CLASSIC,19,2233,"51.50621,-0.114842","51.505697,-0.070542",38.0,17.0
604,20250131,300246,200049,CLASSIC,19,2233,"51.50621,-0.114842","51.505697,-0.070542",38.0,17.0
605,20250131,200215,2694,PBSC_EBIKE,20,2233,"51.48606206,-0.214428378","51.461388,-0.13922146",45.0,31.0
606,20250131,200064,200041,CLASSIC,14,2233,"51.535678,-0.062546","51.528224,-0.037471",18.0,9.0
607,20250131,200032,300249,PBSC_EBIKE,33,2233,"51.483145,-0.113134","51.501513,-0.12382322",21.0,12.0
608,20250131,300246,200049,CLASSIC,19,2233,"51.50621,-0.114842","51.505697,-0.070542",38.0,17.0
609,20250131,300074,22171,CLASSIC,3,2233,"51.51612862,-0.120909408","51.51824,-0.11655",7.0,3.0
610,20250131,1016,200017,CLASSIC,7,2234,"51.513735,-0.193487","51.511654,-0.179668",14.0,5.0
611,20250131,976,200122,PBSC_EBIKE,7,2232,"51.52559505,-0.144083893","51.54100708,-0.14326094",19.0,7.0
612,20250131,300015,200211,CLASSIC,4,2232,"51.47250956,-0.122831913","51.472993,-0.133972",10.0,4.0
613,20250131,1228,3494,PBSC_EBIKE,10,2232,"51.51070161,-0.121723604","51.51918144,-0.140485596",28.0,9.0
614,20250131,1090,300071,CLASSIC,22,2232,"51.52443845,-0.138019439","51.524309,-0.2012345999999922",22.0,24.0
615,20250131,2587,1043,CLASSIC,5,2232,"51.51615461,-0.082422399","51.51782144,-0.096496865",11.0,4.0
616,20250131,200151,200159,PBSC_EBIKE,3,2232,"51.531091,-0.075901","51.531864,-0.066035",11.0,3.0
617,20250131,1219,963,CLASSIC,5,2232,"51.5001394,-0.1139359999999953","51.50581776,-0.100186337",21.0,5.0
618,20250131,1027,2693,CLASSIC,8,2233,"51.52334476,-0.183846408","51.51809,-0.163609",18.0,8.0
619,20250131,200032,300249,PBSC_EBIKE,34,2233,"51.483145,-0.113134","51.501513,-0.12382322",21.0,12.0
620,20250131,1036,200198,PBSC_EBIKE,2,2233,"51.52026,-0.157183945","51.520331,-0.163667",8.0,2.0
621,20250131,959,2696,CLASSIC,3,2231,"51.50724437,-0.106237501","51.50402794,-0.11386436",7.0,2.0
622,20250131,300214,300207,CLASSIC,20,2231,"51.505461,-0.10454093","51.464995,-0.13090885",29.0,23.0
623,20250131,200008,200198,CLASSIC,7,2231,"51.516204,-0.155525","51.520331,-0.163667",17.0,4.0
624,20250131,300253,300062,PBSC_EBIKE,7,2231,"51.497995,-0.063471392","51.488067,-0.057774596",15.0,5.0
625,20250131,200012,200102,CLASSIC,3,2231,"51.521889,-0.04667","51.521564,-0.039264",7.0,2.0
626,20250131,200238,300056,PBSC_EBIKE,6,2231,"51.509303,-0.025996","51.51854104,-0.034903714",21.0,6.0
627,20250131,200091,300003,PBSC_EBIKE,6,2231,"51.46086446,-0.187427294","51.47625965,-0.193254007",13.0,7.0
628,20250131,200060,1107,CLASSIC,5,2230,"51.487196,-0.179369","51.49418566,-0.18267094",18.0,3.0
629,20250131,1121,300028,CLASSIC,14,2230,"51.49586666,-0.191933711","51.48335692,-0.216305546",18.0,13.0
630,20250131,1120,300045,PBSC_EBIKE,35,2230,"51.51213691,-0.201554966","51.47439218,-0.163347594",39.0,22.0
631,20250131,300248,200188,PBSC_EBIKE,14,2230,"51.4811219398,-0.149035374873","51.45475251,-0.195197203",28.0,21.0
632,20250131,200193,2679,CLASSIC,8,2230,"51.50215353,-0.083632928","51.498585,-0.068981764",12.0,5.0
633,20250131,1013,1102,PBSC_EBIKE,20,2230,"51.53005939,-0.120973687","51.51236389,-0.06954201",33.0,23.0
634,20250131,200193,2679,CLASSIC,8,2230,"51.50215353,-0.083632928","51.498585,-0.068981764",12.0,5.0
635,20250131,1207,3498,CLASSIC,8,2230,"51.51196803,-0.120718759","51.49612799,-0.106000855",20.0,12.0
636,20250131,968,22166,CLASSIC,30,2229,"51.497998,-0.14296064","51.51328,-0.047784",42.0,29.0
637,20250131,200096,300248,CLASSIC,16,2229,"51.506613,-0.142844","51.4811219398,-0.149035374873",26.0,15.0
638,20250131,200106,200191,CLASSIC,18,2229,"51.45922541,-0.180884959","51.45787019,-0.174691623",6.0,3.0
639,20250131,200096,1150,PBSC_EBIKE,12,2229,"51.506613,-0.142844","51.51031,-0.18740235",25.0,15.0
640,20250131,200042,200155,CLASSIC,6,2229,"51.528936,-0.055894","51.541515,-0.038557746",18.0,7.0
641,20250131,300031,200033,CLASSIC,30,2229,"51.53638435,-0.102757578","51.515256,-0.058641",34.0,19.0
642,20250131,997,3433,CLASSIC,11,2228,"51.521668,-0.079608554","51.52486887,-0.099489485",21.0,7.0
643,20250131,22169,3500,CLASSIC,10,2228,"51.524564,-0.116279","51.52702563,-0.088542771",24.0,13.0
644,20250131,200183,300080,CLASSIC,6,2228,"51.4795017,-0.141770709","51.4710956,-0.157850096",13.0,10.0
645,20250131,1060,1010,CLASSIC,12,2228,"51.53219984,-0.105480698","51.52635795,-0.125979294",13.0,8.0
646,20250131,22171,200016,CLASSIC,20,2228,"51.51824,-0.11655","51.542138,-0.145393",29.0,14.0
647,20250131,200183,300080,CLASSIC,5,2228,"51.4795017,-0.141770709","51.4710956,-0.157850096",13.0,10.0
648,20250131,300020,1116,CLASSIC,6,2228,"51.49087074,-0.206029743","51.49536226,-0.185296516",16.0,10.0
649,20250131,22180,1170,CLASSIC,18,2228,"51.51397065,-0.09294031","51.49481649,-0.13045856",30.0,17.0
650,20250131,997,3433,CLASSIC,10,2228,"51.521668,-0.079608554","51.52486887,-0.099489485",21.0,7.0
651,20250131,10624,1142,CLASSIC,9,2227,"51.493146,-0.099828","51.5034938,-0.07962099",18.0,10.0
652,20250131,200081,200059,CLASSIC,15,2227,"51.4835707,-0.2020387000000028","51.48810829,-0.22660621",18.0,10.0
653,20250131,200110,1107,PBSC_EBIKE,12,2227,"51.51616,-0.18697","51.49418566,-0.18267094",21.0,10.0
654,20250131,200081,200059,CLASSIC,15,2227,"51.4835707,-0.2020387000000028","51.48810829,-0.22660621",18.0,10.0
655,20250131,300216,200210,CLASSIC,10,2227,"51.477966,-0.14785703","51.47768469,-0.170329317",22.0,7.0
656,20250131,200216,200039,CLASSIC,19,2228,"51.4954,-0.061698585","51.495656,-0.114605",33.0,18.0
657,20250131,300074,200131,CLASSIC,23,2226,"51.51612862,-0.120909408","51.528692,-0.059091",28.0,25.0
658,20250131,200120,200219,CLASSIC,8,2226,"51.46489445,-0.17302926","51.46067005,-0.198735357",23.0,8.0
659,20250131,200161,300056,CLASSIC,19,2226,"51.525941,-0.036017","51.51854104,-0.034903714",11.0,5.0
660,20250131,993,1093,CLASSIC,27,2226,"51.527326,-0.13605286","51.48894022,-0.111435796",35.0,24.0
661,20250131,2691,22179,CLASSIC,19,2226,"51.520994,-0.139016","51.499917,-0.174554",38.0,18.0
662,20250131,3424,200195,CLASSIC,12,2226,"51.51811784,-0.144228881","51.538792,-0.138535",25.0,16.0
663,20250131,200041,1077,PBSC_EBIKE,11,2226,"51.528224,-0.037471","51.518675,-0.06111",15.0,8.0
664,20250131,200068,1213,CLASSIC,14,2226,"51.509943,-0.117619","51.50227992,-0.074189225",37.0,16.0
665,20250131,200120,200219,CLASSIC,7,2226,"51.46489445,-0.17302926","51.46067005,-0.198735357",23.0,8.0
666,20250131,200185,300204,CLASSIC,5,2226,"51.46239255,-0.16829214","51.461376,-0.14780467",11.0,8.0
667,20250131,200137,200032,CLASSIC,4,2226,"51.477839,-0.116493","51.483145,-0.113134",7.0,4.0
668,20250131,1092,1082,CLASSIC,20,2226,"51.51906932,-0.088285377","51.49889832,-0.100440521",24.0,11.0
669,20250131,200066,200054,PBSC_EBIKE,7,2226,"51.505772,-0.016460175","51.493381,-0.007542",20.0,9.0
670,20250131,300018,200197,CLASSIC,2,2226,"51.48728535,-0.217995921","51.49021762,-0.215087092",8.0,2.0
671,20250131,1153,1070,PBSC_EBIKE,27,2226,"51.50777049,-0.130699733","51.49506109,-0.085814489",28.0,18.0
672,20250131,1207,22163,CLASSIC,8,2226,"51.51196803,-0.120718759","51.504044,-0.104778",16.0,8.0
673,20250131,1031,1080,PBSC_EBIKE,5,2227,"51.507131,-0.06691","51.51048489,-0.082989638",15.0,6.0
674,20250131,300209,200173,CLASSIC,7,2225,"51.4765900593,-0.118256789081","51.4729184,-0.132102704",21.0,6.0
675,20250131,200241,22174,CLASSIC,9,2225,"51.53341,-0.049591815","51.525645,-0.069543",21.0,7.0
676,20250131,300242,22164,CLASSIC,4,2225,"51.496863,-0.1429434","51.49456127,-0.15393398",17.0,5.0
677,20250131,1028,1030,CLASSIC,23,2225,"51.50946212,-0.124749274","51.52644828,-0.172190727",34.0,22.0
678,20250131,1195,2680,PBSC_EBIKE,15,2225,"51.488226,-0.135635511","51.5173721,-0.1642075",35.0,19.0
679,20250131,200137,200032,CLASSIC,5,2225,"51.477839,-0.116493","51.483145,-0.113134",7.0,4.0
680,20250131,200070,1035,CLASSIC,16,2224,"51.539957,-0.145246","51.522511,-0.162298",22.0,12.0
681,20250131,200099,200232,CLASSIC,4,2224,"51.503083,-0.017676","51.499286,-0.009152",17.0,8.0
682,20250131,200031,200054,CLASSIC,4,2224,"51.49447,-0.014409","51.493381,-0.007542",14.0,3.0
683,20250131,300242,22164,CLASSIC,5,2224,"51.496863,-0.1429434","51.49456127,-0.15393398",17.0,5.0
684,20250131,1071,200256,CLASSIC,8,2224,"51.50950627,-0.075459482","51.511066,-0.053558",14.0,6.0
685,20250131,22158,200060,CLASSIC,6,2225,"51.496468,-0.17379696","51.487196,-0.179369",,
686,20250131,300042,2694,CLASSIC,18,2225,"51.45971528,-0.212145939","51.461388,-0.13922146",26.0,24.0
687,20250131,200151,200248,CLASSIC,3,2223,"51.531091,-0.075901","51.53213,-0.08299",7.0,2.0
688,20250131,1077,200213,CLASSIC,4,2223,"51.518675,-0.06111","51.52868155,-0.065550321",15.0,5.0
689,20250131,1106,3479,CLASSIC,17,2223,"51.48997562,-0.132845681","51.49094565,-0.181190899",21.0,15.0
690,20250131,1126,3450,CLASSIC,9,2223,"51.5129118,-0.153645496","51.52025302,-0.141327271",21.0,6.0
691,20250131,1220,300091,CLASSIC,12,2223,"51.49942855,-0.179702476","51.48176572,-0.185273723",30.0,8.0
692,20250131,3504,300229,CLASSIC,21,2223,"51.51352755,-0.130110822","51.469202,-0.11902256",35.0,25.0
693,20250131,3479,200029,CLASSIC,15,2223,"51.49094565,-0.181190899","51.4768851,-0.215895601",16.0,12.0
694,20250131,22167,200054,CLASSIC,5,2223,"51.496137,-0.019355","51.493381,-0.007542",17.0,4.0
695,20250131,2686,200134,CLASSIC,6,2224,"51.536264,-0.133952","51.528302,-0.144466",19.0,6.0
696,20250131,1163,1038,CLASSIC,17,2222,"51.51251523,-0.133201961","51.53301907,-0.139174593",23.0,9.0
697,20250131,200041,300039,CLASSIC,5,2222,"51.528224,-0.037471","51.53603947,-0.026262677",14.0,6.0
698,20250131,200191,1095,CLASSIC,27,2222,"51.45787019,-0.174691623","51.49874469,-0.103132904",43.0,32.0
699,20250131,1053,22170,PBSC_EBIKE,20,2222,"51.52326004,-0.104708922","51.488852,-0.105593",36.0,19.0
700,20250131,3462,200222,CLASSIC,4,2222,"51.490083,-0.162418","51.48256792,-0.172078187",9.0,5.0
701,20250131,1160,1191,PBSC_EBIKE,26,2222,"51.50810309,-0.12602103","51.52004497,-0.092176447",31.0,13.0
702,20250131,200176,200199,CLASSIC,4,2222,"51.47053858,-0.163041605","51.47047503,-0.152130083",24.0,6.0
703,20250131,22164,1172,CLASSIC,7,2222,"51.49456127,-0.15393398","51.49247977,-0.178433004",18.0,8.0
704,20250131,3429,300032,CLASSIC,41,2222,"51.4981256,-0.1321021999999914","51.495898,-0.173009",19.0,17.0
705,20250131,1087,1170,CLASSIC,5,2222,"51.49320445,-0.144132875","51.49481649,-0.13045856",20.0,5.0
706,20250131,3452,200173,CLASSIC,24,2222,"51.50963938,-0.131510949","51.4729184,-0.132102704",36.0,25.0
707,20250131,1220,1150,PBSC_EBIKE,6,2221,"51.49942855,-0.179702476","51.51031,-0.18740235",15.0,6.0
708,20250131,2667,22169,CLASSIC,18,2221,"51.500845,-0.074704305","51.524564,-0.116279",45.0,20.0
709,20250131,3507,999,PBSC_EBIKE,17,2221,"51.519572,-0.13214036","51.51155322,-0.0929401",30.0,14.0
710,20250131,22170,200132,CLASSIC,5,2221,"51.488852,-0.105593","51.49605,-0.104193",11.0,6.0
711,20250131,1163,1038,CLASSIC,18,2221,"51.51251523,-0.133201961","51.53301907,-0.139174593",24.0,9.0
712,20250131,1195,1057,CLASSIC,25,2221,"51.488226,-0.135635511","51.5278427,-0.1080682",37.0,26.0
713,20250131,3429,10630,CLASSIC,82,2221,"51.4981256,-0.1321021999999914","51.51689296,-0.158249929",28.0,15.0
714,20250131,200077,200079,CLASSIC,7,2221,"51.47287627,-0.176267008","51.45752945,-0.192165613",21.0,10.0
715,20250131,3429,10630,CLASSIC,82,2221,"51.4981256,-0.1321021999999914","51.51689296,-0.158249929",28.0,15.0
716,20250131,3452,200005,CLASSIC,7,2221,"51.50963938,-0.131510949","51.519167,-0.147983",20.0,8.0
717,20250131,1210,300018,CLASSIC,11,2220,"51.49334336,-0.194757949","51.48728535,-0.217995921",23.0,11.0
718,20250131,1055,10625,CLASSIC,9,2220,"51.53304322,-0.172528678","51.52289229,-0.171681991",25.0,5.0
719,20250131,1160,22166,CLASSIC,26,2220,"51.50810309,-0.12602103","51.51328,-0.047784",33.0,23.0
720,20250131,10624,300063,CLASSIC,5,2221,"51.493146,-0.099828","51.48224,-0.0942844",9.0,5.0
721,20250131,1090,964,PBSC_EBIKE,11,2219,"51.52443845,-0.138019439","51.52589324,-0.090847761",29.0,20.0
722,20250131,1116,2633,CLASSIC,13,2219,"51.49536226,-0.185296516","51.50860544,-0.193764092",21.0,7.0
723,20250131,200016,2680,CLASSIC,30,2219,"51.542138,-0.145393","51.5173721,-0.1642075",27.0,17.0
724,20250131,1161,1049,CLASSIC,8,2219,"51.518908,-0.079249","51.52600832,-0.096317627",20.0,7.0
725,20250131,200196,300077,CLASSIC,2,2219,"51.47084722,-0.17070367","51.46745485,-0.172293499",6.0,2.0
726,20250131,1028,22169,CLASSIC,9,2219,"51.50946212,-0.124749274","51.524564,-0.116279",30.0,10.0
727,20250131,200102,200238,PBSC_EBIKE,45,2218,"51.521564,-0.039264","51.509303,-0.025996",19.0,8.0
728,20250131,200251,300213,PBSC_EBIKE,7,2218,"51.527058,-0.025296","51.5403115,-0.021630359",21.0,8.0
729,20250131,1064,1029,CLASSIC,2,2219,"51.525615,-0.0885326000000077","51.52915444,-0.093421615",6.0,2.0
730,20250131,300031,3427,CLASSIC,8,2217,"51.53638435,-0.102757578","51.52953709,-0.083353323",20.0,7.0
731,20250131,1165,200196,CLASSIC,11,2217,"51.482362,-0.13612398","51.47084722,-0.17070367",14.0,23.0
732,20250131,200227,200220,CLASSIC,5,2217,"51.506093,-0.2242237","51.49968,-0.221791551",8.0,3.0
733,20250131,200227,200220,CLASSIC,5,2217,"51.506093,-0.2242237","51.49968,-0.221791551",8.0,3.0
734,20250131,960,2667,CLASSIC,6,2217,"51.50462759,-0.091773776","51.500845,-0.074704305",14.0,7.0
735,20250131,1106,3457,CLASSIC,4,2218,"51.48997562,-0.132845681","51.49582705,-0.13547809",9.0,3.0
736,20250131,3468,1092,CLASSIC,16,2218,"51.52659961,-0.112432615","51.51906932,-0.088285377",24.0,10.0
737,20250131,1004,3504,PBSC_EBIKE,7,2216,"51.5288338,-0.132250369","51.51352755,-0.130110822",22.0,11.0
738,20250131,200091,200208,CLASSIC,9,2216,"51.46086446,-0.187427294","51.46512358,-0.157788279",17.0,8.0
739,20250131,985,3430,PBSC_EBIKE,10,2216,"51.51882555,-0.108028472","51.515231,-0.07015",22.0,13.0
740,20250131,1107,300010,CLASSIC,10,2216,"51.49418566,-0.18267094","51.47518024,-0.167160736",26.0,11.0
741,20250131,1207,1128,CLASSIC,32,2216,"51.51196803,-0.120718759","51.522168,-0.1928141999999866",42.0,25.0
742,20250131,1071,200033,CLASSIC,9,2216,"51.50950627,-0.075459482","51.515256,-0.058641",18.0,7.0
743,20250131,200058,200152,CLASSIC,13,2216,"51.531066,-0.11934","51.53558,-0.08249",34.0,12.0
744,20250131,200029,300052,CLASSIC,6,2216,"51.4768851,-0.215895601","51.475089,-0.201968",18.0,5.0
745,20250131,3504,2686,CLASSIC,15,2217,"51.51352755,-0.130110822","51.536264,-0.133952",29.0,12.0
746,20250131,3504,2686,CLASSIC,15,2217,"51.51352755,-0.130110822","51.536264,-0.133952",29.0,12.0
747,20250131,200148,1083,CLASSIC,9,2215,"51.520019,-0.05438","51.52127071,-0.0755789",19.0,9.0
748,20250131,1030,1227,PBSC_EBIKE,7,2215,"51.52644828,-0.172190727","51.51348,-0.17977",28.0,9.0
749,20250131,200081,300023,CLASSIC,25,2215,"51.4835707,-0.2020387000000028","51.51632095,-0.202608612",33.0,19.0
750,20250131,960,998,CLASSIC,11,2215,"51.50462759,-0.091773776","51.49288067,-0.114934001",21.0,10.0
751,20250131,1156,300237,CLASSIC,18,2214,"51.52367314,-0.128377673","51.5067252868,-0.0988072461627",38.0,17.0
752,20250131,2692,1189,CLASSIC,8,2214,"51.50391973,-0.11342629","51.49907558,-0.085666316",17.0,9.0
753,20250131,1074,200149,CLASSIC,13,2214,"51.515768,-0.0998940000000061","51.511542,-0.056667",21.0,14.0
754,20250131,3496,1086,CLASSIC,7,2214,"51.518268,-0.17110323","51.51891348,-0.156166631",16.0,7.0
755,20250131,962,1090,CLASSIC,14,2214,"51.50556905,-0.111606696","51.52443845,-0.138019439",26.0,12.0
756,20250131,300083,991,CLASSIC,5,2214,"51.50630441,-0.087262995","51.51159481,-0.077121322",17.0,7.0
757,20250131,200036,200002,CLASSIC,16,2214,"51.517475,-0.075855","51.515975,-0.053177",19.0,8.0
758,20250131,1225,200247,PBSC_EBIKE,32,2214,"51.517703,-0.154106","51.528869,-0.047548",45.0,38.0
759,20250131,200183,10624,PBSC_EBIKE,9,2214,"51.4795017,-0.141770709","51.493146,-0.099828",26.0,17.0
760,20250131,1133,200202,CLASSIC,10,2215,"51.50144456,-0.110699309","51.50070305,-0.129698963",18.0,7.0
761,20250131,200068,1078,CLASSIC,12,2213,"51.509943,-0.117619","51.49488108,-0.117974901",27.0,10.0
762,20250131,1177,2696,CLASSIC,21,2213,"51.50185512,-0.159237081","51.50402794,-0.11386436",32.0,14.0
763,20250131,1093,22170,CLASSIC,6,2213,"51.48894022,-0.111435796","51.488852,-0.105593",8.0,2.0
764,20250131,2696,200256,PBSC_EBIKE,23,2213,"51.50402794,-0.11386436","51.511066,-0.053558",29.0,18.0
765,20250131,2633,3436,CLASSIC,4,2213,"51.50860544,-0.193764092","51.50136494,-0.191462381",6.0,3.0
766,20250131,1206,1150,PBSC_EBIKE,10,2213,"51.49888404,-0.165471605","51.51031,-0.18740235",24.0,10.0
767,20250131,1094,1116,CLASSIC,5,2212,"51.50039792,-0.193068385","51.49536226,-0.185296516",17.0,6.0
768,20250131,1026,300024,CLASSIC,12,2212,"51.52295439,-0.094934859","51.53658514,-0.075885686",22.0,10.0
769,20250131,1029,200021,CLASSIC,17,2212,"51.52915444,-0.093421615","51.504719,-0.063531",43.0,18.0
770,20250131,960,22166,CLASSIC,14,2212,"51.50462759,-0.091773776","51.51328,-0.047784",32.0,17.0
771,20250131,1137,300215,CLASSIC,16,2212,"51.49859784,-0.096191134","51.466232,-0.11317995",28.0,19.0
772,20250131,1137,300215,CLASSIC,16,2213,"51.49859784,-0.096191134","51.466232,-0.11317995",28.0,19.0
773,20250131,300252,2587,PBSC_EBIKE,17,2213,"51.498439,-0.049150215","51.51615461,-0.082422399",26.0,18.0
774,20250131,1148,1170,CLASSIC,4,2211,"51.49357351,-0.139956043","51.49481649,-0.13045856",14.0,3.0
775,20250131,3452,3480,CLASSIC,9,2211,"51.50963938,-0.131510949","51.49580589,-0.127575233",24.0,9.0
776,20250131,200152,200071,CLASSIC,4,2211,"51.53558,-0.08249","51.52959,-0.0801",12.0,3.0
777,20250131,200151,200093,CLASSIC,3,2211,"51.531091,-0.075901","51.534776,-0.071881",9.0,2.0
778,20250131,1015,1216,CLASSIC,4,2211,"51.5073853,-0.096440751","51.50029631,-0.092762704",12.0,4.0
779,20250131,1211,979,CLASSIC,9,2211,"51.52085887,-0.089887855","51.53099181,-0.093903825",16.0,4.0
780,20250131,1224,22174,CLASSIC,26,2211,"51.486965,-0.116625","51.525645,-0.069543",47.0,29.0
781,20250131,1026,300024,CLASSIC,13,2211,"51.52295439,-0.094934859","51.53658514,-0.075885686",22.0,10.0
782,20250131,1202,2637,CLASSIC,16,2210,"51.51175646,-0.119643424","51.49785559,-0.081608045",25.0,15.0
783,20250131,1128,3477,PBSC_EBIKE,8,2210,"51.522168,-0.1928141999999866","51.5147461,-0.1651640000000043",21.0,9.0
784,20250131,1225,1178,PBSC_EBIKE,14,2210,"51.517703,-0.154106","51.515607,-0.183118788",23.0,11.0
785,20250131,200135,300228,CLASSIC,24,2210,"51.521905,-0.063386","51.5057030357,-0.0277727426235",32.0,16.0
786,20250131,300239,1095,CLASSIC,21,2210,"51.492807,-0.091938","51.49874469,-0.103132904",15.0,4.0
787,20250131,22163,200156,CLASSIC,27,2210,"51.504044,-0.104778","51.527152,-0.058005",33.0,22.0
788,20250131,200119,200120,CLASSIC,3,2209,"51.46506424,-0.163750945","51.46489445,-0.17302926",11.0,3.0
789,20250131,1148,1135,CLASSIC,7,2209,"51.49357351,-0.139956043","51.48483991,-0.138089062",17.0,4.0
790,20250131,3444,3463,CLASSIC,7,2209,"51.49159394,-0.192369256","51.50040123,-0.195455928",13.0,7.0
791,20250131,3436,200189,PBSC_EBIKE,21,2208,"51.50136494,-0.191462381","51.48498496,-0.167919869",25.0,11.0
792,20250131,3445,200158,CLASSIC,5,2208,"51.5263778,-0.078130921","51.534464,-0.076341",6.0,3.0
793,20250131,2667,300059,CLASSIC,6,2208,"51.500845,-0.074704305","51.492221,-0.0625130999999896",20.0,5.0
794,20250131,1064,3502,CLASSIC,8,2208,"51.525615,-0.0885326000000077","51.526293,-0.073955",13.0,5.0
795,20250131,200248,1047,CLASSIC,7,2208,"51.53213,-0.08299","51.53095071,-0.078505384",4.0,1.0
796,20250131,1064,3502,CLASSIC,8,2208,"51.525615,-0.0885326000000077","51.526293,-0.073955",13.0,5.0
797,20250131,1138,993,CLASSIC,37,2208,"51.49236962,-0.147478734","51.527326,-0.13605286",29.0,24.0
798,20250131,22171,3507,CLASSIC,11,2209,"51.51824,-0.11655","51.519572,-0.13214036",21.0,5.0
799,20250131,3420,300005,CLASSIC,8,2209,"51.49313,-0.156876","51.47729232,-0.16478637",16.0,9.0
800,20250131,1201,1064,CLASSIC,934,2207,"51.51444134,-0.087587447","51.525615,-0.0885326000000077",15.0,7.0
801,20250131,200180,200098,CLASSIC,8,2207,"51.46706414,-0.193502076","51.48102131,-0.209973497",16.0,7.0
802,20250131,3500,1105,PBSC_EBIKE,8,2207,"51.52702563,-0.088542771","51.51492456,-0.066078037",22.0,12.0
803,20250131,1049,1222,CLASSIC,3,2207,"51.52600832,-0.096317627","51.528246,-0.10102611",7.0,2.0
804,20250131,300234,200252,PBSC_EBIKE,42,2207,"51.541793,-0.00481","51.528169,-0.018703",17.0,9.0
805,20250131,1142,200239,CLASSIC,14,2207,"51.5034938,-0.07962099","51.51793,-0.067937",26.0,9.0
806,20250131,1049,1222,CLASSIC,3,2207,"51.52600832,-0.096317627","51.528246,-0.10102611",7.0,2.0
807,20250131,200112,200014,CLASSIC,4,2207,"51.54211855,-0.028941601","51.535179,-0.03338",15.0,3.0
808,20250131,3439,3470,CLASSIC,2,2207,"51.5262503,-0.123509611","51.52891573,-0.115480888",10.0,2.0
809,20250131,200134,200016,CLASSIC,5,2207,"51.528302,-0.144466","51.542138,-0.145393",15.0,6.0
810,20250131,200001,200201,CLASSIC,7,2207,"51.485587,-0.18119","51.47696496,-0.174347066",20.0,6.0
811,20250131,200112,200014,CLASSIC,4,2207,"51.54211855,-0.028941601","51.535179,-0.03338",15.0,3.0
812,20250131,1100,300005,PBSC_EBIKE,19,2207,"51.512582,-0.1150572999999894","51.47729232,-0.16478637",40.0,25.0
813,20250131,300072,3431,CLASSIC,10,2206,"51.52456169,-0.165668686","51.5099923,-0.143495266",27.0,11.0
814,20250131,1142,200020,PBSC_EBIKE,13,2206,"51.5034938,-0.07962099","51.511088,-0.057159",18.0,8.0
815,20250131,200068,991,CLASSIC,12,2206,"51.509943,-0.117619","51.51159481,-0.077121322",26.0,11.0
816,20250131,300059,300061,CLASSIC,5,2206,"51.492221,-0.0625130999999896","51.495598,-0.078893",8.0,5.0
817,20250131,300090,200124,CLASSIC,1,2206,"51.51510818,-0.208565479","51.51323001,-0.211593602",4.0,1.0
818,20250131,1067,200060,PBSC_EBIKE,22,2206,"51.50742485,-0.134621209","51.487196,-0.179369",29.0,20.0
819,20250131,200012,200239,CLASSIC,7,2206,"51.521889,-0.04667","51.51793,-0.067937",14.0,6.0
820,20250131,3452,300056,CLASSIC,37,2206,"51.50963938,-0.131510949","51.51854104,-0.034903714",47.0,29.0
821,20250131,200060,1220,CLASSIC,7,2205,"51.487196,-0.179369","51.49942855,-0.179702476",17.0,6.0
822,20250131,200221,200180,CLASSIC,12,2205,"51.48294452,-0.219346128","51.46706414,-0.193502076",22.0,10.0
823,20250131,1191,3469,CLASSIC,35,2205,"51.52004497,-0.092176447","51.49464523,-0.158105512",40.0,28.0
824,20250131,22176,3500,CLASSIC,19,2205,"51.506946,-0.058681","51.52702563,-0.088542771",32.0,19.0
825,20250131,200047,200248,CLASSIC,13,2205,"51.52568,-0.055312","51.53213,-0.08299",28.0,12.0
826,20250131,3424,200159,CLASSIC,31,2205,"51.51811784,-0.144228881","51.531864,-0.066035",42.0,30.0
827,20250131,3436,1121,CLASSIC,3,2206,"51.50136494,-0.191462381","51.49586666,-0.191933711",12.0,3.0
828,20250131,200003,22177,CLASSIC,8,2204,"51.52388,-0.065076","51.513074,-0.064094",13.0,5.0
829,20250131,200072,200021,CLASSIC,7,2204,"51.514449,-0.077178979","51.504719,-0.063531",14.0,6.0
830,20250131,300234,200143,PBSC_EBIKE,23,2204,"51.541793,-0.00481","51.503143,-0.008428",31.0,22.0
831,20250131,1182,300023,CLASSIC,3,2204,"51.50935342,-0.196422","51.51632095,-0.202608612",15.0,3.0
832,20250131,1077,984,CLASSIC,16,2204,"51.518675,-0.06111","51.51707521,-0.086685542",21.0,7.0
833,20250131,200156,1104,PBSC_EBIKE,18,2204,"51.527152,-0.058005","51.53166681,-0.109914711",31.0,20.0
834,20250131,1220,3496,PBSC_EBIKE,13,2204,"51.49942855,-0.179702476","51.518268,-0.17110323",30.0,12.0
835,20250131,1027,1090,PBSC_EBIKE,52,2204,"51.52334476,-0.183846408","51.52443845,-0.138019439",28.0,17.0
836,20250131,1195,200133,CLASSIC,9,2204,"51.488226,-0.135635511","51.481747,-0.124642",15.0,6.0
837,20250131,200088,300206,CLASSIC,24,2203,"51.507326,-0.145827","51.460232,-0.11537509",29.0,35.0
838,20250131,1164,1033,CLASSIC,4,2203,"51.52071513,-0.14521173","51.52058381,-0.154701411",12.0,4.0
839,20250131,1178,1011,CLASSIC,20,2203,"51.515607,-0.183118788","51.529416,-0.1239443999999991",30.0,21.0
840,20250131,300086,1107,CLASSIC,9,2203,"51.47993289,-0.19411695","51.49418566,-0.18267094",19.0,9.0
841,20250131,1191,980,CLASSIC,16,2203,"51.52004497,-0.092176447","51.52168078,-0.130431727",31.0,15.0
842,20250131,200123,200037,CLASSIC,4,2203,"51.516196,-0.029138","51.518369,-0.043371",8.0,4.0
843,20250131,200012,200135,CLASSIC,6,2203,"51.521889,-0.04667","51.521905,-0.063386",18.0,6.0
844,20250131,1107,3444,CLASSIC,6,2203,"51.49418566,-0.18267094","51.49159394,-0.192369256",11.0,3.0
845,20250131,1191,1082,PBSC_EBIKE,9,2204,"51.52004497,-0.092176447","51.49889832,-0.100440521",30.0,11.0
846,20250131,3423,22158,CLASSIC,18,2202,"51.529857,-0.18348604","51.496468,-0.17379696",,
847,20250131,1131,300092,CLASSIC,10,2202,"51.53266186,-0.099981142","51.53727795,-0.079201849",24.0,9.0
848,20250131,300242,3437,CLASSIC,7,2202,"51.496863,-0.1429434","51.50706909,-0.145904427",20.0,10.0
849,20250131,1107,1183,CLASSIC,3,2202,"51.49418566,-0.18267094","51.49016361,-0.19039362",11.0,3.0
850,20250131,960,1077,CLASSIC,20,2202,"51.50462759,-0.091773776","51.518675,-0.06111",26.0,15.0
851,20250131,200066,200038,CLASSIC,13,2202,"51.505772,-0.016460175","51.520398,-0.026768",20.0,12.0
852,20250131,200066,200099,CLASSIC,10,2202,"51.505772,-0.016460175","51.503083,-0.017676",5.0,1.0
853,20250131,1090,1163,CLASSIC,7,2202,"51.52443845,-0.138019439","51.51251523,-0.133201961",15.0,6.0
854,20250131,1022,300212,CLASSIC,5,2202,"51.52395143,-0.122502346","51.5301998755,-0.122299440803",13.0,3.0
855,20250131,1117,300229,CLASSIC,13,2203,"51.49914063,-0.112031483","51.469202,-0.11902256",26.0,15.0
856,20250131,200215,300037,CLASSIC,13,2203,"51.48606206,-0.214428378","51.49422354,-0.236769936",21.0,9.0
857,20250131,200116,1147,CLASSIC,27,2201,"51.48959104,-0.209378594","51.52557531,-0.179592915",42.0,26.0
858,20250131,1052,1090,CLASSIC,4,2201,"51.51563144,-0.132328837","51.52443845,-0.138019439",9.0,7.0
859,20250131,1052,1090,CLASSIC,4,2201,"51.51563144,-0.132328837","51.52443845,-0.138019439",9.0,7.0
860,20250131,1213,1032,CLASSIC,15,2201,"51.50227992,-0.074189225","51.52452699,-0.079248081",29.0,20.0
861,20250131,200230,200038,CLASSIC,3,2200,"51.525501,-0.032267204","51.520398,-0.026768",8.0,5.0
862,20250131,960,1155,CLASSIC,19,2200,"51.50462759,-0.091773776","51.49206037,-0.132224622",32.0,17.0
863,20250131,1163,200248,PBSC_EBIKE,23,2200,"51.51251523,-0.133201961","51.53213,-0.08299",39.0,22.0
864,20250131,997,1170,CLASSIC,22,2200,"51.521668,-0.079608554","51.49481649,-0.13045856",41.0,23.0
865,20250131,300022,200110,PBSC_EBIKE,8,2200,"51.51148696,-0.218190203","51.51616,-0.18697",20.0,11.0
866,20250131,300081,3430,CLASSIC,14,2200,"51.53932857,-0.074284675","51.515231,-0.07015",24.0,13.0
867,20250131,2696,300249,PBSC_EBIKE,168,2200,"51.50402794,-0.11386436","51.501513,-0.12382322",12.0,4.0
868,20250131,22177,1020,CLASSIC,9,2201,"51.513074,-0.064094","51.5246962,-0.0844393000000138",29.0,17.0
869,20250131,1209,300004,CLASSIC,7,2159,"51.50082346,-0.089740764","51.492668,-0.072350665",16.0,7.0
870,20250131,3452,1196,CLASSIC,12,2159,"51.50963938,-0.131510949","51.49398524,-0.136928582",25.0,11.0
871,20250131,3494,1055,PBSC_EBIKE,12,2159,"51.51918144,-0.140485596","51.53304322,-0.172528678",25.0,11.0
872,20250131,1098,300081,CLASSIC,22,2159,"51.50930161,-0.084985356","51.53932857,-0.074284675",32.0,19.0
873,20250131,3452,1196,CLASSIC,11,2159,"51.50963938,-0.131510949","51.49398524,-0.136928582",25.0,11.0
874,20250131,1077,984,CLASSIC,21,2159,"51.518675,-0.06111","51.51707521,-0.086685542",21.0,7.0
875,20250131,22163,1082,CLASSIC,4,2159,"51.504044,-0.104778","51.49889832,-0.100440521",11.0,4.0
876,20250131,3452,3460,CLASSIC,14,2159,"51.50963938,-0.131510949","51.48985626,-0.141923621",28.0,14.0
877,20250131,22163,1082,CLASSIC,4,2159,"51.504044,-0.104778","51.49889832,-0.100440521",11.0,4.0
878,20250131,960,1155,CLASSIC,19,2200,"51.50462759,-0.091773776","51.49206037,-0.132224622",32.0,17.0
879,20250131,200161,200011,CLASSIC,7,2200,"51.525941,-0.036017","51.519265,-0.021345",9.0,6.0
880,20250131,10624,2679,CLASSIC,10,2158,"51.493146,-0.099828","51.498585,-0.068981764",20.0,12.0
881,20250131,1163,200096,CLASSIC,3,2158,"51.51251523,-0.133201961","51.506613,-0.142844",10.0,4.0
882,20250131,1035,1085,CLASSIC,9,2158,"51.522511,-0.162298","51.51457763,-0.158264483",17.0,4.0
883,20250131,300056,200150,CLASSIC,6,2158,"51.51854104,-0.034903714","51.521564,-0.022694",18.0,5.0
884,20250131,200151,1161,CLASSIC,4,2158,"51.531091,-0.075901","51.518908,-0.079249",13.0,5.0
885,20250131,3499,1001,CLASSIC,8,2158,"51.49980661,-0.176415994","51.49372451,-0.198286569",22.0,8.0
886,20250131,982,1033,CLASSIC,16,2158,"51.51795029,-0.108657431","51.52058381,-0.154701411",26.0,15.0
887,20250131,1089,200010,CLASSIC,4,2158,"51.49396755,-0.17873226","51.486892,-0.170983",11.0,4.0
888,20250131,200024,200093,CLASSIC,14,2158,"51.53385,-0.06992","51.534776,-0.071881",3.0,1.0
889,20250131,1116,200248,PBSC_EBIKE,35,2158,"51.49536226,-0.185296516","51.53213,-0.08299",48.0,40.0
890,20250131,2667,300083,CLASSIC,5,2158,"51.500845,-0.074704305","51.50630441,-0.087262995",14.0,4.0
891,20250131,992,3439,CLASSIC,9,2158,"51.52836014,-0.104724625","51.5262503,-0.123509611",25.0,6.0
892,20250131,1007,1127,CLASSIC,18,2157,"51.51477076,-0.12221963","51.5333196,-0.1117811999999958",29.0,11.0
893,20250131,300246,3445,CLASSIC,28,2157,"51.50621,-0.114842","51.5263778,-0.078130921",39.0,19.0
894,20250131,996,200039,CLASSIC,6,2157,"51.50069491,-0.094524319","51.495656,-0.114605",14.0,8.0
895,20250131,300214,22170,CLASSIC,10,2157,"51.505461,-0.10454093","51.488852,-0.105593",19.0,9.0
896,20250131,2696,998,PBSC_EBIKE,7,2157,"51.50402794,-0.11386436","51.49288067,-0.114934001",16.0,7.0
897,20250131,3507,1022,CLASSIC,6,2156,"51.519572,-0.13214036","51.52395143,-0.122502346",13.0,5.0
898,20250131,1205,300209,CLASSIC,8,2156,"51.4908679,-0.116911864","51.4765900593,-0.118256789081",23.0,9.0
899,20250131,200102,1077,CLASSIC,5,2156,"51.521564,-0.039264","51.518675,-0.06111",11.0,6.0
900,20250131,1009,300021,CLASSIC,56,2156,"51.52505093,-0.131161087","51.538718,-0.011889482",46.0,40.0
901,20250131,1087,972,CLASSIC,22,2156,"51.49320445,-0.144132875","51.52554222,-0.138231303",25.0,23.0
902,20250131,1227,1099,CLASSIC,6,2156,"51.51348,-0.17977","51.5233534,-0.175116099",17.0,7.0
903,20250131,200183,200196,CLASSIC,8,2156,"51.4795017,-0.141770709","51.47084722,-0.17070367",12.0,14.0
904,20250131,300019,200191,PBSC_EBIKE,12,2156,"51.464786,-0.215618902","51.45787019,-0.174691623",27.0,14.0
905,20250131,1006,300249,CLASSIC,12,2156,"51.51863,-0.1326763000000141","51.501513,-0.12382322",27.0,10.0
906,20250131,200231,1155,PBSC_EBIKE,3,2156,"51.49764,-0.12597218","51.49206037,-0.132224622",14.0,4.0
907,20250131,200193,22170,CLASSIC,16,2155,"51.50215353,-0.083632928","51.488852,-0.105593",25.0,12.0
908,20250131,200166,200218,PBSC_EBIKE,9,2155,"51.494499,-0.228188","51.504199,-0.210941",24.0,8.0
909,20250131,1130,300221,PBSC_EBIKE,21,2155,"51.53088935,-0.176770502","51.4835074867,-0.147714557371",41.0,27.0
910,20250131,200250,200162,CLASSIC,5,2155,"51.520893,-0.051394","51.5142228,-0.055656",20.0,3.0
911,20250131,1080,1005,CLASSIC,26,2155,"51.51048489,-0.082989638","51.53300545,-0.136792671",38.0,22.0
912,20250131,1005,3423,CLASSIC,18,2155,"51.53300545,-0.136792671","51.529857,-0.18348604",35.0,16.0
913,20250131,10624,300239,CLASSIC,12,2155,"51.493146,-0.099828","51.492807,-0.091938",9.0,2.0
914,20250131,200151,1004,CLASSIC,19,2155,"51.531091,-0.075901","51.5288338,-0.132250369",38.0,26.0
915,20250131,2692,300249,PBSC_EBIKE,173,2155,"51.50391973,-0.11342629","51.501513,-0.12382322",13.0,4.0
916,20250131,1020,3502,CLASSIC,3,2155,"51.5246962,-0.0844393000000138","51.526293,-0.073955",14.0,3.0
917,20250131,200250,200162,CLASSIC,4,2155,"51.520893,-0.051394","51.5142228,-0.055656",20.0,3.0
918,20250131,200183,300073,CLASSIC,5,2155,"51.4795017,-0.141770709","51.47515398,-0.159169801",11.0,9.0
919,20250131,200216,1142,CLASSIC,6,2155,"51.4954,-0.061698585","51.5034938,-0.07962099",15.0,6.0
920,20250131,2692,300249,PBSC_EBIKE,173,2155,"51.50391973,-0.11342629","51.501513,-0.12382322",13.0,4.0
921,20250131,200250,200162,CLASSIC,4,2156,"51.520893,-0.051394","51.5142228,-0.055656",14.0,3.0
922,20250131,300086,200237,CLASSIC,44,2154,"51.47993289,-0.19411695","51.472817,-0.199783",17.0,4.0
923,20250131,1031,2660,PBSC_EBIKE,16,2154,"51.507131,-0.06691","51.51310333,-0.13121385",41.0,20.0
924,20250131,965,22161,CLASSIC,4,2154,"51.49211134,-0.138364847","51.493072,-0.129925",,
925,20250131,3500,200230,CLASSIC,23,2154,"51.52702563,-0.088542771","51.525501,-0.032267204",27.0,22.0
926,20250131,1202,1117,CLASSIC,6,2154,"51.51175646,-0.119643424","51.49914063,-0.112031483",14.0,9.0
927,20250131,200081,200098,CLASSIC,10,2153,"51.4835707,-0.2020387000000028","51.48102131,-0.209973497",11.0,3.0
928,20250131,1028,200121,PBSC_EBIKE,28,2153,"51.50946212,-0.124749274","51.53908372,-0.070329419",42.0,26.0
929,20250131,200145,980,CLASSIC,10,2153,"51.537349,-0.147154","51.52168078,-0.130431727",26.0,10.0
930,20250131,300074,200183,CLASSIC,18,2153,"51.51612862,-0.120909408","51.4795017,-0.141770709",34.0,30.0
931,20250131,1161,1049,CLASSIC,9,2153,"51.518908,-0.079249","51.52600832,-0.096317627",20.0,7.0
932,20250131,22163,200167,CLASSIC,20,2153,"51.504044,-0.104778","51.530326,-0.042744",39.0,25.0
933,20250131,1161,1049,CLASSIC,9,2153,"51.518908,-0.079249","51.52600832,-0.096317627",20.0,7.0
934,20250131,200195,1221,PBSC_EBIKE,17,2153,"51.538792,-0.138535","51.51196,-0.142783033",28.0,18.0
935,20250131,1085,1036,CLASSIC,2,2153,"51.51457763,-0.158264483","51.52026,-0.157183945",9.0,3.0
936,20250131,1089,200060,CLASSIC,5,2152,"51.49396755,-0.17873226","51.487196,-0.179369",13.0,3.0
937,20250131,200068,1135,CLASSIC,12,2152,"51.509943,-0.117619","51.48483991,-0.138089062",35.0,14.0
938,20250131,300200,300234,CLASSIC,9,2152,"51.546326,-0.00993526","51.541793,-0.00481",12.0,3.0
939,20250131,1107,200081,CLASSIC,9,2152,"51.49418566,-0.18267094","51.4835707,-0.2020387000000028",19.0,7.0
940,20250131,200147,200156,CLASSIC,9,2151,"51.514115,-0.033828","51.527152,-0.058005",26.0,10.0
941,20250131,300253,2667,CLASSIC,4,2151,"51.497995,-0.063471392","51.500845,-0.074704305",7.0,3.0
942,20250131,300253,2667,CLASSIC,4,2151,"51.497995,-0.063471392","51.500845,-0.074704305",7.0,3.0
943,20250131,1171,200230,CLASSIC,9,2151,"51.518154,-0.062697","51.525501,-0.032267204",15.0,11.0
944,20250131,200033,22177,CLASSIC,3,2151,"51.515256,-0.058641","51.513074,-0.064094",9.0,2.0
945,20250131,200158,300081,CLASSIC,3,2151,"51.534464,-0.076341","51.53932857,-0.074284675",9.0,3.0
946,20250131,3493,300069,CLASSIC,17,2151,"51.50923,-0.1512899999999888","51.48795853,-0.187404506",32.0,18.0
947,20250131,10629,961,CLASSIC,17,2151,"51.499169,-0.055846029","51.50368837,-0.098497684",25.0,13.0
948,20250131,200021,1031,CLASSIC,1,2152,"51.504719,-0.063531","51.507131,-0.06691",4.0,1.0
949,20250131,200230,200247,CLASSIC,5,2152,"51.525501,-0.032267204","51.528869,-0.047548",16.0,8.0
950,20250131,991,200032,PBSC_EBIKE,15,2150,"51.51159481,-0.077121322","51.483145,-0.113134",30.0,22.0
951,20250131,3446,200142,CLASSIC,9,2150,"51.50173726,-0.184980612","51.493267,-0.21985",16.0,10.0
952,20250131,960,200149,PBSC_EBIKE,8,2150,"51.50462759,-0.091773776","51.511542,-0.056667",23.0,13.0
953,20250131,300014,200077,CLASSIC,5,2150,"51.46663393,-0.169821175","51.47287627,-0.176267008",14.0,3.0
954,20250131,22158,300079,PBSC_EBIKE,8,2151,"51.496468,-0.17379696","51.515117,-0.17371276",29.0,10.0
955,20250131,1000,300242,PBSC_EBIKE,63,2150,"51.48591714,-0.124469948","51.496863,-0.1429434",18.0,10.0
956,20250131,200190,300073,CLASSIC,2,2150,"51.47761941,-0.149551631","51.47515398,-0.159169801",11.0,2.0
957,20250131,1127,22171,CLASSIC,14,2149,"51.5333196,-0.1117811999999958","51.51824,-0.11655",24.0,7.0
958,20250131,2683,1044,CLASSIC,33,2149,"51.49188409,-0.125674815","51.51573534,-0.093080779",40.0,17.0
959,20250131,200184,300087,CLASSIC,3,2149,"51.47946386,-0.195777222","51.47514228,-0.187278987",12.0,3.0
960,20250131,2679,22169,CLASSIC,17,2149,"51.498585,-0.068981764","51.524564,-0.116279",37.0,21.0
961,20250131,1000,200211,CLASSIC,13,2149,"51.48591714,-0.124469948","51.472993,-0.133972",13.0,11.0
962,20250131,3452,1081,CLASSIC,28,2148,"51.50963938,-0.131510949","51.53450449,-0.106992706",31.0,17.0
963,20250131,1160,300211,PBSC_EBIKE,24,2148,"51.50810309,-0.12602103","51.5293,-0.12827903",25.0,13.0
964,20250131,3445,200112,CLASSIC,20,2148,"51.5263778,-0.078130921","51.54211855,-0.028941601",32.0,18.0
965,20250131,300207,300209,CLASSIC,5,2148,"51.464995,-0.13090885","51.4765900593,-0.118256789081",16.0,9.0
966,20250131,1127,22171,CLASSIC,14,2148,"51.5333196,-0.1117811999999958","51.51824,-0.11655",25.0,7.0
967,20250131,3446,1107,CLASSIC,10,2148,"51.50173726,-0.184980612","51.49418566,-0.18267094",6.0,3.0
968,20250131,200136,300241,CLASSIC,58,2148,"51.514767,-0.225787","51.5372406,-0.1248074000000087",47.0,44.0
969,20250131,3452,300031,CLASSIC,22,2149,"51.50963938,-0.131510949","51.53638435,-0.102757578",32.0,19.0
970,20250131,3482,1064,CLASSIC,20,2147,"51.52200801,-0.151359288","51.525615,-0.0885326000000077",33.0,25.0
971,20250131,1107,300058,CLASSIC,5,2147,"51.49418566,-0.18267094","51.48512191,-0.174971902",14.0,4.0
972,20250131,300015,300229,CLASSIC,3,2147,"51.47250956,-0.122831913","51.469202,-0.11902256",6.0,2.0
973,20250131,300222,2701,CLASSIC,9,2147,"51.518093,-0.0914017","51.528187,-0.075375",21.0,10.0
974,20250131,1127,22171,CLASSIC,15,2147,"51.5333196,-0.1117811999999958","51.51824,-0.11655",25.0,7.0
975,20250131,1078,1121,PBSC_EBIKE,25,2148,"51.49488108,-0.117974901","51.49586666,-0.191933711",42.0,28.0
976,20250131,1004,200072,PBSC_EBIKE,20,2147,"51.5288338,-0.132250369","51.514449,-0.077178979",30.0,22.0
977,20250131,1220,300077,PBSC_EBIKE,17,2147,"51.49942855,-0.179702476","51.46745485,-0.172293499",33.0,15.0
978,20250131,200037,200123,CLASSIC,5,2146,"51.518369,-0.043371","51.516196,-0.029138",10.0,4.0
979,20250131,200148,22178,CLASSIC,26,2146,"51.520019,-0.05438","51.513757,-0.020467",22.0,12.0
980,20250131,200148,22178,CLASSIC,26,2146,"51.520019,-0.05438","51.513757,-0.020467",22.0,12.0
981,20250131,200240,300063,PBSC_EBIKE,12,2146,"51.464019,-0.11578197","51.48224,-0.0942844",23.0,12.0
982,20250131,1006,3439,CLASSIC,8,2147,"51.51863,-0.1326763000000141","51.5262503,-0.123509611",22.0,5.0
983,20250131,300031,200017,CLASSIC,41,2147,"51.53638435,-0.102757578","51.511654,-0.179668",39.0,29.0
984,20250131,1225,300097,CLASSIC,21,2145,"51.517703,-0.154106","51.491026,-0.209121",44.0,25.0
985,20250131,972,300235,CLASSIC,12,2145,"51.52554222,-0.138231303","51.541596,-0.12544145",18.0,13.0
986,20250131,3428,200105,CLASSIC,11,2145,"51.5341235,-0.129386874","51.541603,-0.138853",8.0,4.0
